#pragma once
#include <cstdint>
#define HAS_INDEX_HTML_BLOB
static const uint8_t INDEX_HTML_CONTENT[23678] =
{
    0x3C, 0x21, 0x44, 0x4F, 0x43, 0x54, 0x59, 0x50, 0x45, 0x20, 0x68, 0x74, 0x6D, 0x6C, 0x3E, 0x0D, 
    0x0A, 0x3C, 0x21, 0x2D, 0x2D, 0x20, 0x52, 0x65, 0x6D, 0x6F, 0x74, 0x65, 0x20, 0x49, 0x6D, 0x47, 
    0x75, 0x69, 0x20, 0x52, 0x65, 0x6E, 0x64, 0x65, 0x72, 0x65, 0x72, 0x20, 0x62, 0x79, 0x20, 0x56, 
    0x61, 0x6C, 0x65, 0x6E, 0x74, 0x69, 0x6E, 0x65, 0x53, 0x20, 0x20, 0x68, 0x74, 0x74, 0x70, 0x73, 
    0x3A, 0x2F, 0x2F, 0x67, 0x69, 0x74, 0x68, 0x75, 0x62, 0x2E, 0x63, 0x6F, 0x6D, 0x2F, 0x76, 0x61, 
    0x6C, 0x65, 0x6E, 0x74, 0x69, 0x6E, 0x65, 0x73, 0x68, 0x69, 0x6C, 0x6F, 0x76, 0x20, 0x0D, 0x0A, 
    0x09, 0x20, 0x41, 0x6C, 0x6F, 0x77, 0x73, 0x20, 0x77, 0x72, 0x69, 0x74, 0x69, 0x6E, 0x67, 0x20, 
    0x77, 0x65, 0x62, 0x20, 0x61, 0x70, 0x70, 0x73, 0x20, 0x69, 0x6E, 0x20, 0x43, 0x2B, 0x2B, 0x20, 
    0x77, 0x69, 0x74, 0x68, 0x20, 0x63, 0x6F, 0x64, 0x65, 0x20, 0x65, 0x78, 0x65, 0x63, 0x75, 0x74, 
    0x65, 0x64, 0x20, 0x6F, 0x6E, 0x20, 0x73, 0x65, 0x72, 0x76, 0x65, 0x72, 0x0D, 0x0A, 0x2D, 0x2D, 
    0x3E, 0x0D, 0x0A, 0x3C, 0x68, 0x74, 0x6D, 0x6C, 0x20, 0x6C, 0x61, 0x6E, 0x67, 0x3D, 0x22, 0x65, 
    0x6E, 0x22, 0x3E, 0x0D, 0x0A, 0x3C, 0x68, 0x65, 0x61, 0x64, 0x3E, 0x0D, 0x0A, 0x20, 0x20, 0x20, 
    0x20, 0x3C, 0x6D, 0x65, 0x74, 0x61, 0x20, 0x63, 0x68, 0x61, 0x72, 0x73, 0x65, 0x74, 0x3D, 0x22, 
    0x55, 0x54, 0x46, 0x2D, 0x38, 0x22, 0x3E, 0x0D, 0x0A, 0x20, 0x20, 0x20, 0x20, 0x3C, 0x74, 0x69, 
    0x74, 0x6C, 0x65, 0x3E, 0x52, 0x65, 0x6D, 0x6F, 0x74, 0x65, 0x20, 0x49, 0x6D, 0x47, 0x75, 0x69, 
    0x20, 0x57, 0x65, 0x62, 0x20, 0x52, 0x65, 0x6E, 0x64, 0x65, 0x72, 0x65, 0x72, 0x3C, 0x2F, 0x74, 
    0x69, 0x74, 0x6C, 0x65, 0x3E, 0x0D, 0x0A, 0x20, 0x20, 0x20, 0x20, 0x3C, 0x73, 0x74, 0x79, 0x6C, 
    0x65, 0x3E, 0x0D, 0x0A, 0x20, 0x20, 0x20, 0x20, 0x20, 0x20, 0x20, 0x20, 0x62, 0x6F, 0x64, 0x79, 
    0x2C, 0x20, 0x68, 0x74, 0x6D, 0x6C, 0x20, 0x7B, 0x20, 0x6D, 0x61, 0x72, 0x67, 0x69, 0x6E, 0x3A, 
    0x20, 0x30, 0x3B, 0x20, 0x70, 0x61, 0x64, 0x64, 0x69, 0x6E, 0x67, 0x3A, 0x20, 0x30, 0x3B, 0x20, 
    0x6F, 0x76, 0x65, 0x72, 0x66, 0x6C, 0x6F, 0x77, 0x3A, 0x20, 0x68, 0x69, 0x64, 0x64, 0x65, 0x6E, 
    0x3B, 0x20, 0x62, 0x61, 0x63, 0x6B, 0x67, 0x72, 0x6F, 0x75, 0x6E, 0x64, 0x3A, 0x20, 0x23, 0x31, 
    0x61, 0x31, 0x61, 0x31, 0x61, 0x3B, 0x20, 0x77, 0x69, 0x64, 0x74, 0x68, 0x3A, 0x20, 0x31, 0x30, 
    0x30, 0x25, 0x3B, 0x20, 0x68, 0x65, 0x69, 0x67, 0x68, 0x74, 0x3A, 0x20, 0x31, 0x30, 0x30, 0x25, 
    0x3B, 0x20, 0x7D, 0x0D, 0x0A, 0x20, 0x20, 0x20, 0x20, 0x20, 0x20, 0x20, 0x20, 0x63, 0x61, 0x6E, 
    0x76, 0x61, 0x73, 0x20, 0x7B, 0x20, 0x64, 0x69, 0x73, 0x70, 0x6C, 0x61, 0x79, 0x3A, 0x20, 0x62, 
    0x6C, 0x6F, 0x63, 0x6B, 0x3B, 0x20, 0x77, 0x69, 0x64, 0x74, 0x68, 0x3A, 0x20, 0x31, 0x30, 0x30, 
    0x25, 0x3B, 0x20, 0x68, 0x65, 0x69, 0x67, 0x68, 0x74, 0x3A, 0x20, 0x31, 0x30, 0x30, 0x25, 0x3B, 
    0x20, 0x75, 0x73, 0x65, 0x72, 0x2D, 0x73, 0x65, 0x6C, 0x65, 0x63, 0x74, 0x3A, 0x20, 0x6E, 0x6F, 
    0x6E, 0x65, 0x3B, 0x20, 0x74, 0x6F, 0x75, 0x63, 0x68, 0x2D, 0x61, 0x63, 0x74, 0x69, 0x6F, 0x6E, 
    0x3A, 0x20, 0x6E, 0x6F, 0x6E, 0x65, 0x3B, 0x20, 0x7D, 0x0D, 0x0A, 0x20, 0x20, 0x20, 0x20, 0x3C, 
    0x2F, 0x73, 0x74, 0x79, 0x6C, 0x65, 0x3E, 0x0D, 0x0A, 0x3C, 0x2F, 0x68, 0x65, 0x61, 0x64, 0x3E, 
    0x0D, 0x0A, 0x3C, 0x62, 0x6F, 0x64, 0x79, 0x3E, 0x0D, 0x0A, 0x09, 0x3C, 0x64, 0x69, 0x76, 0x20, 
    0x69, 0x64, 0x3D, 0x22, 0x65, 0x72, 0x72, 0x6F, 0x72, 0x2D, 0x62, 0x6C, 0x6F, 0x63, 0x6B, 0x22, 
    0x20, 0x73, 0x74, 0x79, 0x6C, 0x65, 0x3D, 0x22, 0x64, 0x69, 0x73, 0x70, 0x6C, 0x61, 0x79, 0x3A, 
    0x20, 0x6E, 0x6F, 0x6E, 0x65, 0x3B, 0x20, 0x70, 0x6F, 0x73, 0x69, 0x74, 0x69, 0x6F, 0x6E, 0x3A, 
    0x20, 0x66, 0x69, 0x78, 0x65, 0x64, 0x3B, 0x20, 0x74, 0x6F, 0x70, 0x3A, 0x20, 0x30, 0x3B, 0x20, 
    0x6C, 0x65, 0x66, 0x74, 0x3A, 0x20, 0x30, 0x3B, 0x20, 0x77, 0x69, 0x64, 0x74, 0x68, 0x3A, 0x20, 
    0x31, 0x30, 0x30, 0x25, 0x3B, 0x20, 0x68, 0x65, 0x69, 0x67, 0x68, 0x74, 0x3A, 0x20, 0x31, 0x30, 
    0x30, 0x25, 0x3B, 0x20, 0x62, 0x61, 0x63, 0x6B, 0x67, 0x72, 0x6F, 0x75, 0x6E, 0x64, 0x3A, 0x20, 
    0x72, 0x67, 0x62, 0x61, 0x28, 0x30, 0x2C, 0x20, 0x30, 0x2C, 0x20, 0x30, 0x2C, 0x20, 0x30, 0x2E, 
    0x38, 0x35, 0x29, 0x3B, 0x20, 0x7A, 0x2D, 0x69, 0x6E, 0x64, 0x65, 0x78, 0x3A, 0x20, 0x39, 0x39, 
    0x39, 0x39, 0x3B, 0x20, 0x66, 0x6C, 0x65, 0x78, 0x2D, 0x64, 0x69, 0x72, 0x65, 0x63, 0x74, 0x69, 
    0x6F, 0x6E, 0x3A, 0x20, 0x63, 0x6F, 0x6C, 0x75, 0x6D, 0x6E, 0x3B, 0x20, 0x6A, 0x75, 0x73, 0x74, 
    0x69, 0x66, 0x79, 0x2D, 0x63, 0x6F, 0x6E, 0x74, 0x65, 0x6E, 0x74, 0x3A, 0x20, 0x63, 0x65, 0x6E, 
    0x74, 0x65, 0x72, 0x3B, 0x20, 0x61, 0x6C, 0x69, 0x67, 0x6E, 0x2D, 0x69, 0x74, 0x65, 0x6D, 0x73, 
    0x3A, 0x20, 0x63, 0x65, 0x6E, 0x74, 0x65, 0x72, 0x3B, 0x20, 0x66, 0x6F, 0x6E, 0x74, 0x2D, 0x66, 
    0x61, 0x6D, 0x69, 0x6C, 0x79, 0x3A, 0x20, 0x73, 0x61, 0x6E, 0x73, 0x2D, 0x73, 0x65, 0x72, 0x69, 
    0x66, 0x3B, 0x22, 0x3E, 0x0D, 0x0A, 0x09, 0x09, 0x3C, 0x70, 0x20, 0x69, 0x64, 0x3D, 0x22, 0x65, 
    0x72, 0x72, 0x6F, 0x72, 0x2D, 0x6D, 0x65, 0x73, 0x73, 0x61, 0x67, 0x65, 0x22, 0x20, 0x73, 0x74, 
    0x79, 0x6C, 0x65, 0x3D, 0x22, 0x63, 0x6F, 0x6C, 0x6F, 0x72, 0x3A, 0x20, 0x23, 0x66, 0x66, 0x35, 
    0x35, 0x35, 0x35, 0x3B, 0x20, 0x66, 0x6F, 0x6E, 0x74, 0x2D, 0x73, 0x69, 0x7A, 0x65, 0x3A, 0x20, 
    0x31, 0x38, 0x70, 0x78, 0x3B, 0x20, 0x66, 0x6F, 0x6E, 0x74, 0x2D, 0x77, 0x65, 0x69, 0x67, 0x68, 
    0x74, 0x3A, 0x20, 0x62, 0x6F, 0x6C, 0x64, 0x3B, 0x20, 0x6D, 0x61, 0x72, 0x67, 0x69, 0x6E, 0x2D, 
    0x62, 0x6F, 0x74, 0x74, 0x6F, 0x6D, 0x3A, 0x20, 0x31, 0x35, 0x70, 0x78, 0x3B, 0x22, 0x3E, 0x43, 
    0x6F, 0x6E, 0x6E, 0x65, 0x63, 0x74, 0x69, 0x6F, 0x6E, 0x20, 0x65, 0x72, 0x72, 0x6F, 0x72, 0x3C, 
    0x2F, 0x70, 0x3E, 0x0D, 0x0A, 0x09, 0x09, 0x3C, 0x62, 0x75, 0x74, 0x74, 0x6F, 0x6E, 0x20, 0x6F, 
    0x6E, 0x63, 0x6C, 0x69, 0x63, 0x6B, 0x3D, 0x22, 0x6C, 0x6F, 0x63, 0x61, 0x74, 0x69, 0x6F, 0x6E, 
    0x2E, 0x72, 0x65, 0x6C, 0x6F, 0x61, 0x64, 0x28, 0x29, 0x22, 0x20, 0x73, 0x74, 0x79, 0x6C, 0x65, 
    0x3D, 0x22, 0x70, 0x61, 0x64, 0x64, 0x69, 0x6E, 0x67, 0x3A, 0x20, 0x31, 0x30, 0x70, 0x78, 0x20, 
    0x32, 0x30, 0x70, 0x78, 0x3B, 0x20, 0x66, 0x6F, 0x6E, 0x74, 0x2D, 0x73, 0x69, 0x7A, 0x65, 0x3A, 
    0x20, 0x31, 0x36, 0x70, 0x78, 0x3B, 0x20, 0x63, 0x75, 0x72, 0x73, 0x6F, 0x72, 0x3A, 0x20, 0x70, 
    0x6F, 0x69, 0x6E, 0x74, 0x65, 0x72, 0x3B, 0x20, 0x62, 0x61, 0x63, 0x6B, 0x67, 0x72, 0x6F, 0x75, 
    0x6E, 0x64, 0x3A, 0x20, 0x23, 0x66, 0x66, 0x66, 0x3B, 0x20, 0x62, 0x6F, 0x72, 0x64, 0x65, 0x72, 
    0x3A, 0x20, 0x6E, 0x6F, 0x6E, 0x65, 0x3B, 0x20, 0x62, 0x6F, 0x72, 0x64, 0x65, 0x72, 0x2D, 0x72, 
    0x61, 0x64, 0x69, 0x75, 0x73, 0x3A, 0x20, 0x34, 0x70, 0x78, 0x3B, 0x20, 0x66, 0x6F, 0x6E, 0x74, 
    0x2D, 0x77, 0x65, 0x69, 0x67, 0x68, 0x74, 0x3A, 0x20, 0x62, 0x6F, 0x6C, 0x64, 0x3B, 0x22, 0x3E, 
    0x52, 0x65, 0x6C, 0x6F, 0x61, 0x64, 0x3C, 0x2F, 0x62, 0x75, 0x74, 0x74, 0x6F, 0x6E, 0x3E, 0x0D, 
    0x0A, 0x09, 0x3C, 0x2F, 0x64, 0x69, 0x76, 0x3E, 0x0D, 0x0A, 0x09, 0x0D, 0x0A, 0x09, 0x3C, 0x64, 
    0x69, 0x76, 0x20, 0x69, 0x64, 0x3D, 0x22, 0x65, 0x72, 0x72, 0x6F, 0x72, 0x2D, 0x62, 0x6C, 0x6F, 
    0x63, 0x6B, 0x2D, 0x77, 0x65, 0x62, 0x67, 0x6C, 0x2D, 0x75, 0x6E, 0x73, 0x75, 0x70, 0x70, 0x6F, 
    0x72, 0x74, 0x65, 0x64, 0x22, 0x20, 0x73, 0x74, 0x79, 0x6C, 0x65, 0x3D, 0x22, 0x64, 0x69, 0x73, 
    0x70, 0x6C, 0x61, 0x79, 0x3A, 0x20, 0x6E, 0x6F, 0x6E, 0x65, 0x3B, 0x20, 0x70, 0x6F, 0x73, 0x69, 
    0x74, 0x69, 0x6F, 0x6E, 0x3A, 0x20, 0x66, 0x69, 0x78, 0x65, 0x64, 0x3B, 0x20, 0x74, 0x6F, 0x70, 
    0x3A, 0x20, 0x30, 0x3B, 0x20, 0x6C, 0x65, 0x66, 0x74, 0x3A, 0x20, 0x30, 0x3B, 0x20, 0x77, 0x69, 
    0x64, 0x74, 0x68, 0x3A, 0x20, 0x31, 0x30, 0x30, 0x25, 0x3B, 0x20, 0x68, 0x65, 0x69, 0x67, 0x68, 
    0x74, 0x3A, 0x20, 0x31, 0x30, 0x30, 0x25, 0x3B, 0x20, 0x62, 0x61, 0x63, 0x6B, 0x67, 0x72, 0x6F, 
    0x75, 0x6E, 0x64, 0x3A, 0x20, 0x72, 0x67, 0x62, 0x61, 0x28, 0x30, 0x2C, 0x20, 0x30, 0x2C, 0x20, 
    0x30, 0x2C, 0x20, 0x30, 0x2E, 0x38, 0x35, 0x29, 0x3B, 0x20, 0x7A, 0x2D, 0x69, 0x6E, 0x64, 0x65, 
    0x78, 0x3A, 0x20, 0x39, 0x39, 0x39, 0x39, 0x3B, 0x20, 0x66, 0x6C, 0x65, 0x78, 0x2D, 0x64, 0x69, 
    0x72, 0x65, 0x63, 0x74, 0x69, 0x6F, 0x6E, 0x3A, 0x20, 0x63, 0x6F, 0x6C, 0x75, 0x6D, 0x6E, 0x3B, 
    0x20, 0x6A, 0x75, 0x73, 0x74, 0x69, 0x66, 0x79, 0x2D, 0x63, 0x6F, 0x6E, 0x74, 0x65, 0x6E, 0x74, 
    0x3A, 0x20, 0x63, 0x65, 0x6E, 0x74, 0x65, 0x72, 0x3B, 0x20, 0x61, 0x6C, 0x69, 0x67, 0x6E, 0x2D, 
    0x69, 0x74, 0x65, 0x6D, 0x73, 0x3A, 0x20, 0x63, 0x65, 0x6E, 0x74, 0x65, 0x72, 0x3B, 0x20, 0x66, 
    0x6F, 0x6E, 0x74, 0x2D, 0x66, 0x61, 0x6D, 0x69, 0x6C, 0x79, 0x3A, 0x20, 0x73, 0x61, 0x6E, 0x73, 
    0x2D, 0x73, 0x65, 0x72, 0x69, 0x66, 0x3B, 0x22, 0x3E, 0x0D, 0x0A, 0x09, 0x09, 0x3C, 0x70, 0x20, 
    0x69, 0x64, 0x3D, 0x22, 0x65, 0x72, 0x72, 0x6F, 0x72, 0x2D, 0x6D, 0x65, 0x73, 0x73, 0x61, 0x67, 
    0x65, 0x2D, 0x77, 0x65, 0x62, 0x67, 0x6C, 0x2D, 0x75, 0x6E, 0x73, 0x75, 0x70, 0x70, 0x6F, 0x72, 
    0x74, 0x65, 0x64, 0x22, 0x20, 0x73, 0x74, 0x79, 0x6C, 0x65, 0x3D, 0x22, 0x63, 0x6F, 0x6C, 0x6F, 
    0x72, 0x3A, 0x20, 0x23, 0x66, 0x66, 0x35, 0x35, 0x35, 0x35, 0x3B, 0x20, 0x66, 0x6F, 0x6E, 0x74, 
    0x2D, 0x73, 0x69, 0x7A, 0x65, 0x3A, 0x20, 0x31, 0x38, 0x70, 0x78, 0x3B, 0x20, 0x66, 0x6F, 0x6E, 
    0x74, 0x2D, 0x77, 0x65, 0x69, 0x67, 0x68, 0x74, 0x3A, 0x20, 0x62, 0x6F, 0x6C, 0x64, 0x3B, 0x20, 
    0x6D, 0x61, 0x72, 0x67, 0x69, 0x6E, 0x2D, 0x62, 0x6F, 0x74, 0x74, 0x6F, 0x6D, 0x3A, 0x20, 0x31, 
    0x35, 0x70, 0x78, 0x3B, 0x22, 0x3E, 0x57, 0x65, 0x62, 0x47, 0x4C, 0x20, 0x6E, 0x6F, 0x74, 0x20, 
    0x73, 0x75, 0x70, 0x70, 0x6F, 0x72, 0x74, 0x65, 0x64, 0x3C, 0x2F, 0x70, 0x3E, 0x0D, 0x0A, 0x09, 
    0x09, 0x3C, 0x62, 0x75, 0x74, 0x74, 0x6F, 0x6E, 0x20, 0x6F, 0x6E, 0x63, 0x6C, 0x69, 0x63, 0x6B, 
    0x3D, 0x22, 0x6C, 0x6F, 0x63, 0x61, 0x74, 0x69, 0x6F, 0x6E, 0x2E, 0x72, 0x65, 0x6C, 0x6F, 0x61, 
    0x64, 0x28, 0x29, 0x22, 0x20, 0x73, 0x74, 0x79, 0x6C, 0x65, 0x3D, 0x22, 0x70, 0x61, 0x64, 0x64, 
    0x69, 0x6E, 0x67, 0x3A, 0x20, 0x31, 0x30, 0x70, 0x78, 0x20, 0x32, 0x30, 0x70, 0x78, 0x3B, 0x20, 
    0x66, 0x6F, 0x6E, 0x74, 0x2D, 0x73, 0x69, 0x7A, 0x65, 0x3A, 0x20, 0x31, 0x36, 0x70, 0x78, 0x3B, 
    0x20, 0x63, 0x75, 0x72, 0x73, 0x6F, 0x72, 0x3A, 0x20, 0x70, 0x6F, 0x69, 0x6E, 0x74, 0x65, 0x72, 
    0x3B, 0x20, 0x62, 0x61, 0x63, 0x6B, 0x67, 0x72, 0x6F, 0x75, 0x6E, 0x64, 0x3A, 0x20, 0x23, 0x66, 
    0x66, 0x66, 0x3B, 0x20, 0x62, 0x6F, 0x72, 0x64, 0x65, 0x72, 0x3A, 0x20, 0x6E, 0x6F, 0x6E, 0x65, 
    0x3B, 0x20, 0x62, 0x6F, 0x72, 0x64, 0x65, 0x72, 0x2D, 0x72, 0x61, 0x64, 0x69, 0x75, 0x73, 0x3A, 
    0x20, 0x34, 0x70, 0x78, 0x3B, 0x20, 0x66, 0x6F, 0x6E, 0x74, 0x2D, 0x77, 0x65, 0x69, 0x67, 0x68, 
    0x74, 0x3A, 0x20, 0x62, 0x6F, 0x6C, 0x64, 0x3B, 0x22, 0x3E, 0x52, 0x65, 0x6C, 0x6F, 0x61, 0x64, 
    0x3C, 0x2F, 0x62, 0x75, 0x74, 0x74, 0x6F, 0x6E, 0x3E, 0x0D, 0x0A, 0x09, 0x3C, 0x2F, 0x64, 0x69, 
    0x76, 0x3E, 0x0D, 0x0A, 0x09, 0x0D, 0x0A, 0x20, 0x20, 0x20, 0x20, 0x3C, 0x63, 0x61, 0x6E, 0x76, 
    0x61, 0x73, 0x20, 0x69, 0x64, 0x3D, 0x22, 0x69, 0x6D, 0x67, 0x75, 0x69, 0x2D, 0x63, 0x61, 0x6E, 
    0x76, 0x61, 0x73, 0x22, 0x3E, 0x3C, 0x2F, 0x63, 0x61, 0x6E, 0x76, 0x61, 0x73, 0x3E, 0x0D, 0x0A, 
    0x09, 0x3C, 0x69, 0x6E, 0x70, 0x75, 0x74, 0x20, 0x74, 0x79, 0x70, 0x65, 0x3D, 0x22, 0x66, 0x69, 
    0x6C, 0x65, 0x22, 0x20, 0x69, 0x64, 0x3D, 0x22, 0x66, 0x69, 0x6C, 0x65, 0x2D, 0x73, 0x65, 0x6C, 
    0x65, 0x63, 0x74, 0x6F, 0x72, 0x22, 0x20, 0x73, 0x74, 0x79, 0x6C, 0x65, 0x3D, 0x22, 0x64, 0x69, 
    0x73, 0x70, 0x6C, 0x61, 0x79, 0x3A, 0x20, 0x6E, 0x6F, 0x6E, 0x65, 0x3B, 0x22, 0x3E, 0x0D, 0x0A, 
    0x20, 0x20, 0x20, 0x20, 0x3C, 0x73, 0x63, 0x72, 0x69, 0x70, 0x74, 0x3E, 0x0D, 0x0A, 0x20, 0x20, 
    0x20, 0x20, 0x20, 0x20, 0x20, 0x20, 0x63, 0x6F, 0x6E, 0x73, 0x74, 0x20, 0x63, 0x61, 0x6E, 0x76, 
    0x61, 0x73, 0x20, 0x3D, 0x20, 0x64, 0x6F, 0x63, 0x75, 0x6D, 0x65, 0x6E, 0x74, 0x2E, 0x67, 0x65, 
    0x74, 0x45, 0x6C, 0x65, 0x6D, 0x65, 0x6E, 0x74, 0x42, 0x79, 0x49, 0x64, 0x28, 0x22, 0x69, 0x6D, 
    0x67, 0x75, 0x69, 0x2D, 0x63, 0x61, 0x6E, 0x76, 0x61, 0x73, 0x22, 0x29, 0x3B, 0x0D, 0x0A, 0x20, 
    0x20, 0x20, 0x20, 0x20, 0x20, 0x20, 0x20, 0x63, 0x6F, 0x6E, 0x73, 0x74, 0x20, 0x67, 0x6C, 0x20, 
    0x3D, 0x20, 0x63, 0x61, 0x6E, 0x76, 0x61, 0x73, 0x2E, 0x67, 0x65, 0x74, 0x43, 0x6F, 0x6E, 0x74, 
    0x65, 0x78, 0x74, 0x28, 0x22, 0x77, 0x65, 0x62, 0x67, 0x6C, 0x22, 0x2C, 0x20, 0x7B, 0x20, 0x61, 
    0x6C, 0x70, 0x68, 0x61, 0x3A, 0x20, 0x66, 0x61, 0x6C, 0x73, 0x65, 0x2C, 0x20, 0x61, 0x6E, 0x74, 
    0x69, 0x61, 0x6C, 0x69, 0x61, 0x73, 0x3A, 0x20, 0x74, 0x72, 0x75, 0x65, 0x20, 0x7D, 0x29, 0x3B, 
    0x0D, 0x0A, 0x20, 0x20, 0x20, 0x20, 0x20, 0x20, 0x20, 0x20, 0x0D, 0x0A, 0x20, 0x20, 0x20, 0x20, 
    0x20, 0x20, 0x20, 0x20, 0x69, 0x66, 0x20, 0x28, 0x21, 0x67, 0x6C, 0x29, 0x20, 0x7B, 0x20, 0x0D, 
    0x0A, 0x09, 0x09, 0x09, 0x63, 0x6F, 0x6E, 0x73, 0x74, 0x20, 0x77, 0x65, 0x62, 0x67, 0x6C, 0x5F, 
    0x65, 0x72, 0x72, 0x6F, 0x72, 0x42, 0x6C, 0x6F, 0x63, 0x6B, 0x20, 0x3D, 0x20, 0x64, 0x6F, 0x63, 
    0x75, 0x6D, 0x65, 0x6E, 0x74, 0x2E, 0x67, 0x65, 0x74, 0x45, 0x6C, 0x65, 0x6D, 0x65, 0x6E, 0x74, 
    0x42, 0x79, 0x49, 0x64, 0x28, 0x22, 0x65, 0x72, 0x72, 0x6F, 0x72, 0x2D, 0x62, 0x6C, 0x6F, 0x63, 
    0x6B, 0x2D, 0x77, 0x65, 0x62, 0x67, 0x6C, 0x2D, 0x75, 0x6E, 0x73, 0x75, 0x70, 0x70, 0x6F, 0x72, 
    0x74, 0x65, 0x64, 0x22, 0x29, 0x3B, 0x0D, 0x0A, 0x09, 0x09, 0x09, 0x77, 0x65, 0x62, 0x67, 0x6C, 
    0x5F, 0x65, 0x72, 0x72, 0x6F, 0x72, 0x42, 0x6C, 0x6F, 0x63, 0x6B, 0x2E, 0x73, 0x74, 0x79, 0x6C, 
    0x65, 0x2E, 0x64, 0x69, 0x73, 0x70, 0x6C, 0x61, 0x79, 0x20, 0x3D, 0x20, 0x22, 0x62, 0x6C, 0x6F, 
    0x63, 0x6B, 0x22, 0x3B, 0x0D, 0x0A, 0x09, 0x09, 0x7D, 0x0D, 0x0A, 0x20, 0x20, 0x20, 0x20, 0x20, 
    0x20, 0x20, 0x20, 0x67, 0x6C, 0x2E, 0x65, 0x6E, 0x61, 0x62, 0x6C, 0x65, 0x28, 0x67, 0x6C, 0x2E, 
    0x53, 0x43, 0x49, 0x53, 0x53, 0x4F, 0x52, 0x5F, 0x54, 0x45, 0x53, 0x54, 0x29, 0x3B, 0x0D, 0x0A, 
    0x20, 0x20, 0x20, 0x20, 0x20, 0x20, 0x20, 0x20, 0x67, 0x6C, 0x2E, 0x65, 0x6E, 0x61, 0x62, 0x6C, 
    0x65, 0x28, 0x67, 0x6C, 0x2E, 0x42, 0x4C, 0x45, 0x4E, 0x44, 0x29, 0x3B, 0x0D, 0x0A, 0x20, 0x20, 
    0x20, 0x20, 0x20, 0x20, 0x20, 0x20, 0x67, 0x6C, 0x2E, 0x62, 0x6C, 0x65, 0x6E, 0x64, 0x46, 0x75, 
    0x6E, 0x63, 0x28, 0x67, 0x6C, 0x2E, 0x53, 0x52, 0x43, 0x5F, 0x41, 0x4C, 0x50, 0x48, 0x41, 0x2C, 
    0x20, 0x67, 0x6C, 0x2E, 0x4F, 0x4E, 0x45, 0x5F, 0x4D, 0x49, 0x4E, 0x55, 0x53, 0x5F, 0x53, 0x52, 
    0x43, 0x5F, 0x41, 0x4C, 0x50, 0x48, 0x41, 0x29, 0x3B, 0x0D, 0x0A, 0x09, 0x09, 0x67, 0x6C, 0x2E, 
    0x67, 0x65, 0x74, 0x45, 0x78, 0x74, 0x65, 0x6E, 0x73, 0x69, 0x6F, 0x6E, 0x28, 0x22, 0x4F, 0x45, 
    0x53, 0x5F, 0x65, 0x6C, 0x65, 0x6D, 0x65, 0x6E, 0x74, 0x5F, 0x69, 0x6E, 0x64, 0x65, 0x78, 0x5F, 
    0x75, 0x69, 0x6E, 0x74, 0x22, 0x29, 0x3B, 0x0D, 0x0A, 0x09, 0x09, 0x63, 0x6F, 0x6E, 0x73, 0x74, 
    0x20, 0x66, 0x69, 0x6C, 0x65, 0x53, 0x65, 0x6C, 0x65, 0x63, 0x74, 0x6F, 0x72, 0x20, 0x3D, 0x20, 
    0x64, 0x6F, 0x63, 0x75, 0x6D, 0x65, 0x6E, 0x74, 0x2E, 0x67, 0x65, 0x74, 0x45, 0x6C, 0x65, 0x6D, 
    0x65, 0x6E, 0x74, 0x42, 0x79, 0x49, 0x64, 0x28, 0x22, 0x66, 0x69, 0x6C, 0x65, 0x2D, 0x73, 0x65, 
    0x6C, 0x65, 0x63, 0x74, 0x6F, 0x72, 0x22, 0x29, 0x3B, 0x0D, 0x0A, 0x09, 0x09, 0x6C, 0x65, 0x74, 
    0x20, 0x62, 0x61, 0x63, 0x6B, 0x73, 0x70, 0x61, 0x63, 0x65, 0x54, 0x69, 0x6D, 0x65, 0x72, 0x20, 
    0x3D, 0x20, 0x6E, 0x75, 0x6C, 0x6C, 0x3B, 0x0D, 0x0A, 0x09, 0x09, 0x6C, 0x65, 0x74, 0x20, 0x69, 
    0x73, 0x48, 0x6F, 0x6C, 0x64, 0x69, 0x6E, 0x67, 0x20, 0x3D, 0x20, 0x66, 0x61, 0x6C, 0x73, 0x65, 
    0x3B, 0x0D, 0x0A, 0x0D, 0x0A, 0x20, 0x20, 0x20, 0x20, 0x20, 0x20, 0x20, 0x20, 0x2F, 0x2F, 0x20, 
    0x49, 0x6D, 0x47, 0x75, 0x69, 0x20, 0x57, 0x65, 0x62, 0x47, 0x4C, 0x20, 0x73, 0x68, 0x61, 0x64, 
    0x65, 0x72, 0x73, 0x0D, 0x0A, 0x20, 0x20, 0x20, 0x20, 0x20, 0x20, 0x20, 0x20, 0x63, 0x6F, 0x6E, 
    0x73, 0x74, 0x20, 0x76, 0x73, 0x53, 0x6F, 0x75, 0x72, 0x63, 0x65, 0x20, 0x3D, 0x20, 0x60, 0x0D, 
    0x0A, 0x20, 0x20, 0x20, 0x20, 0x20, 0x20, 0x20, 0x20, 0x20, 0x20, 0x20, 0x20, 0x61, 0x74, 0x74, 
    0x72, 0x69, 0x62, 0x75, 0x74, 0x65, 0x20, 0x76, 0x65, 0x63, 0x32, 0x20, 0x61, 0x50, 0x6F, 0x73, 
    0x3B, 0x0D, 0x0A, 0x20, 0x20, 0x20, 0x20, 0x20, 0x20, 0x20, 0x20, 0x20, 0x20, 0x20, 0x20, 0x61, 
    0x74, 0x74, 0x72, 0x69, 0x62, 0x75, 0x74, 0x65, 0x20, 0x76, 0x65, 0x63, 0x32, 0x20, 0x61, 0x55, 
    0x56, 0x3B, 0x0D, 0x0A, 0x20, 0x20, 0x20, 0x20, 0x20, 0x20, 0x20, 0x20, 0x20, 0x20, 0x20, 0x20, 
    0x61, 0x74, 0x74, 0x72, 0x69, 0x62, 0x75, 0x74, 0x65, 0x20, 0x76, 0x65, 0x63, 0x34, 0x20, 0x61, 
    0x43, 0x6F, 0x6C, 0x6F, 0x72, 0x3B, 0x0D, 0x0A, 0x20, 0x20, 0x20, 0x20, 0x20, 0x20, 0x20, 0x20, 
    0x20, 0x20, 0x20, 0x20, 0x75, 0x6E, 0x69, 0x66, 0x6F, 0x72, 0x6D, 0x20, 0x76, 0x65, 0x63, 0x32, 
    0x20, 0x75, 0x44, 0x69, 0x73, 0x70, 0x6C, 0x61, 0x79, 0x53, 0x69, 0x7A, 0x65, 0x3B, 0x0D, 0x0A, 
    0x20, 0x20, 0x20, 0x20, 0x20, 0x20, 0x20, 0x20, 0x20, 0x20, 0x20, 0x20, 0x76, 0x61, 0x72, 0x79, 
    0x69, 0x6E, 0x67, 0x20, 0x76, 0x65, 0x63, 0x32, 0x20, 0x76, 0x55, 0x56, 0x3B, 0x0D, 0x0A, 0x20, 
    0x20, 0x20, 0x20, 0x20, 0x20, 0x20, 0x20, 0x20, 0x20, 0x20, 0x20, 0x76, 0x61, 0x72, 0x79, 0x69, 
    0x6E, 0x67, 0x20, 0x76, 0x65, 0x63, 0x34, 0x20, 0x76, 0x43, 0x6F, 0x6C, 0x6F, 0x72, 0x3B, 0x0D, 
    0x0A, 0x20, 0x20, 0x20, 0x20, 0x20, 0x20, 0x20, 0x20, 0x20, 0x20, 0x20, 0x20, 0x76, 0x6F, 0x69, 
    0x64, 0x20, 0x6D, 0x61, 0x69, 0x6E, 0x28, 0x29, 0x20, 0x7B, 0x0D, 0x0A, 0x20, 0x20, 0x20, 0x20, 
    0x20, 0x20, 0x20, 0x20, 0x20, 0x20, 0x20, 0x20, 0x20, 0x20, 0x20, 0x20, 0x76, 0x55, 0x56, 0x20, 
    0x3D, 0x20, 0x61, 0x55, 0x56, 0x3B, 0x0D, 0x0A, 0x20, 0x20, 0x20, 0x20, 0x20, 0x20, 0x20, 0x20, 
    0x20, 0x20, 0x20, 0x20, 0x20, 0x20, 0x20, 0x20, 0x76, 0x43, 0x6F, 0x6C, 0x6F, 0x72, 0x20, 0x3D, 
    0x20, 0x61, 0x43, 0x6F, 0x6C, 0x6F, 0x72, 0x3B, 0x0D, 0x0A, 0x20, 0x20, 0x20, 0x20, 0x20, 0x20, 
    0x20, 0x20, 0x20, 0x20, 0x20, 0x20, 0x20, 0x20, 0x20, 0x20, 0x67, 0x6C, 0x5F, 0x50, 0x6F, 0x73, 
    0x69, 0x74, 0x69, 0x6F, 0x6E, 0x20, 0x3D, 0x20, 0x76, 0x65, 0x63, 0x34, 0x28, 0x61, 0x50, 0x6F, 
    0x73, 0x2E, 0x78, 0x20, 0x2F, 0x20, 0x75, 0x44, 0x69, 0x73, 0x70, 0x6C, 0x61, 0x79, 0x53, 0x69, 
    0x7A, 0x65, 0x2E, 0x78, 0x20, 0x2A, 0x20, 0x32, 0x2E, 0x30, 0x20, 0x2D, 0x20, 0x31, 0x2E, 0x30, 
    0x2C, 0x20, 0x31, 0x2E, 0x30, 0x20, 0x2D, 0x20, 0x61, 0x50, 0x6F, 0x73, 0x2E, 0x79, 0x20, 0x2F, 
    0x20, 0x75, 0x44, 0x69, 0x73, 0x70, 0x6C, 0x61, 0x79, 0x53, 0x69, 0x7A, 0x65, 0x2E, 0x79, 0x20, 
    0x2A, 0x20, 0x32, 0x2E, 0x30, 0x2C, 0x20, 0x30, 0x2E, 0x30, 0x2C, 0x20, 0x31, 0x2E, 0x30, 0x29, 
    0x3B, 0x0D, 0x0A, 0x20, 0x20, 0x20, 0x20, 0x20, 0x20, 0x20, 0x20, 0x20, 0x20, 0x20, 0x20, 0x7D, 
    0x0D, 0x0A, 0x20, 0x20, 0x20, 0x20, 0x20, 0x20, 0x20, 0x20, 0x60, 0x3B, 0x0D, 0x0A, 0x20, 0x20, 
    0x20, 0x20, 0x20, 0x20, 0x20, 0x20, 0x63, 0x6F, 0x6E, 0x73, 0x74, 0x20, 0x66, 0x73, 0x53, 0x6F, 
    0x75, 0x72, 0x63, 0x65, 0x20, 0x3D, 0x20, 0x60, 0x0D, 0x0A, 0x20, 0x20, 0x20, 0x20, 0x20, 0x20, 
    0x20, 0x20, 0x20, 0x20, 0x20, 0x20, 0x70, 0x72, 0x65, 0x63, 0x69, 0x73, 0x69, 0x6F, 0x6E, 0x20, 
    0x6D, 0x65, 0x64, 0x69, 0x75, 0x6D, 0x70, 0x20, 0x66, 0x6C, 0x6F, 0x61, 0x74, 0x3B, 0x0D, 0x0A, 
    0x20, 0x20, 0x20, 0x20, 0x20, 0x20, 0x20, 0x20, 0x20, 0x20, 0x20, 0x20, 0x75, 0x6E, 0x69, 0x66, 
    0x6F, 0x72, 0x6D, 0x20, 0x73, 0x61, 0x6D, 0x70, 0x6C, 0x65, 0x72, 0x32, 0x44, 0x20, 0x75, 0x54, 
    0x65, 0x78, 0x74, 0x75, 0x72, 0x65, 0x3B, 0x0D, 0x0A, 0x20, 0x20, 0x20, 0x20, 0x20, 0x20, 0x20, 
    0x20, 0x20, 0x20, 0x20, 0x20, 0x76, 0x61, 0x72, 0x79, 0x69, 0x6E, 0x67, 0x20, 0x76, 0x65, 0x63, 
    0x32, 0x20, 0x76, 0x55, 0x56, 0x3B, 0x0D, 0x0A, 0x20, 0x20, 0x20, 0x20, 0x20, 0x20, 0x20, 0x20, 
    0x20, 0x20, 0x20, 0x20, 0x76, 0x61, 0x72, 0x79, 0x69, 0x6E, 0x67, 0x20, 0x76, 0x65, 0x63, 0x34, 
    0x20, 0x76, 0x43, 0x6F, 0x6C, 0x6F, 0x72, 0x3B, 0x0D, 0x0A, 0x20, 0x20, 0x20, 0x20, 0x20, 0x20, 
    0x20, 0x20, 0x20, 0x20, 0x20, 0x20, 0x76, 0x6F, 0x69, 0x64, 0x20, 0x6D, 0x61, 0x69, 0x6E, 0x28, 
    0x29, 0x20, 0x7B, 0x0D, 0x0A, 0x20, 0x20, 0x20, 0x20, 0x20, 0x20, 0x20, 0x20, 0x20, 0x20, 0x20, 
    0x20, 0x20, 0x20, 0x20, 0x20, 0x67, 0x6C, 0x5F, 0x46, 0x72, 0x61, 0x67, 0x43, 0x6F, 0x6C, 0x6F, 
    0x72, 0x20, 0x3D, 0x20, 0x76, 0x43, 0x6F, 0x6C, 0x6F, 0x72, 0x20, 0x2A, 0x20, 0x74, 0x65, 0x78, 
    0x74, 0x75, 0x72, 0x65, 0x32, 0x44, 0x28, 0x75, 0x54, 0x65, 0x78, 0x74, 0x75, 0x72, 0x65, 0x2C, 
    0x20, 0x76, 0x55, 0x56, 0x29, 0x3B, 0x0D, 0x0A, 0x20, 0x20, 0x20, 0x20, 0x20, 0x20, 0x20, 0x20, 
    0x20, 0x20, 0x20, 0x20, 0x7D, 0x0D, 0x0A, 0x20, 0x20, 0x20, 0x20, 0x20, 0x20, 0x20, 0x20, 0x60, 
    0x3B, 0x0D, 0x0A, 0x0D, 0x0A, 0x20, 0x20, 0x20, 0x20, 0x20, 0x20, 0x20, 0x20, 0x66, 0x75, 0x6E, 
    0x63, 0x74, 0x69, 0x6F, 0x6E, 0x20, 0x63, 0x72, 0x65, 0x61, 0x74, 0x65, 0x53, 0x68, 0x61, 0x64, 
    0x65, 0x72, 0x28, 0x67, 0x6C, 0x2C, 0x20, 0x74, 0x79, 0x70, 0x65, 0x2C, 0x20, 0x73, 0x6F, 0x75, 
    0x72, 0x63, 0x65, 0x29, 0x20, 0x7B, 0x0D, 0x0A, 0x20, 0x20, 0x20, 0x20, 0x20, 0x20, 0x20, 0x20, 
    0x20, 0x20, 0x20, 0x20, 0x63, 0x6F, 0x6E, 0x73, 0x74, 0x20, 0x73, 0x68, 0x61, 0x64, 0x65, 0x72, 
    0x20, 0x3D, 0x20, 0x67, 0x6C, 0x2E, 0x63, 0x72, 0x65, 0x61, 0x74, 0x65, 0x53, 0x68, 0x61, 0x64, 
    0x65, 0x72, 0x28, 0x74, 0x79, 0x70, 0x65, 0x29, 0x3B, 0x0D, 0x0A, 0x20, 0x20, 0x20, 0x20, 0x20, 
    0x20, 0x20, 0x20, 0x20, 0x20, 0x20, 0x20, 0x67, 0x6C, 0x2E, 0x73, 0x68, 0x61, 0x64, 0x65, 0x72, 
    0x53, 0x6F, 0x75, 0x72, 0x63, 0x65, 0x28, 0x73, 0x68, 0x61, 0x64, 0x65, 0x72, 0x2C, 0x20, 0x73, 
    0x6F, 0x75, 0x72, 0x63, 0x65, 0x29, 0x3B, 0x0D, 0x0A, 0x20, 0x20, 0x20, 0x20, 0x20, 0x20, 0x20, 
    0x20, 0x20, 0x20, 0x20, 0x20, 0x67, 0x6C, 0x2E, 0x63, 0x6F, 0x6D, 0x70, 0x69, 0x6C, 0x65, 0x53, 
    0x68, 0x61, 0x64, 0x65, 0x72, 0x28, 0x73, 0x68, 0x61, 0x64, 0x65, 0x72, 0x29, 0x3B, 0x0D, 0x0A, 
    0x20, 0x20, 0x20, 0x20, 0x20, 0x20, 0x20, 0x20, 0x20, 0x20, 0x20, 0x20, 0x72, 0x65, 0x74, 0x75, 
    0x72, 0x6E, 0x20, 0x73, 0x68, 0x61, 0x64, 0x65, 0x72, 0x3B, 0x0D, 0x0A, 0x20, 0x20, 0x20, 0x20, 
    0x20, 0x20, 0x20, 0x20, 0x7D, 0x0D, 0x0A, 0x20, 0x20, 0x20, 0x20, 0x20, 0x20, 0x20, 0x20, 0x63, 
    0x6F, 0x6E, 0x73, 0x74, 0x20, 0x70, 0x72, 0x6F, 0x67, 0x72, 0x61, 0x6D, 0x20, 0x3D, 0x20, 0x67, 
    0x6C, 0x2E, 0x63, 0x72, 0x65, 0x61, 0x74, 0x65, 0x50, 0x72, 0x6F, 0x67, 0x72, 0x61, 0x6D, 0x28, 
    0x29, 0x3B, 0x0D, 0x0A, 0x20, 0x20, 0x20, 0x20, 0x20, 0x20, 0x20, 0x20, 0x67, 0x6C, 0x2E, 0x61, 
    0x74, 0x74, 0x61, 0x63, 0x68, 0x53, 0x68, 0x61, 0x64, 0x65, 0x72, 0x28, 0x70, 0x72, 0x6F, 0x67, 
    0x72, 0x61, 0x6D, 0x2C, 0x20, 0x63, 0x72, 0x65, 0x61, 0x74, 0x65, 0x53, 0x68, 0x61, 0x64, 0x65, 
    0x72, 0x28, 0x67, 0x6C, 0x2C, 0x20, 0x67, 0x6C, 0x2E, 0x56, 0x45, 0x52, 0x54, 0x45, 0x58, 0x5F, 
    0x53, 0x48, 0x41, 0x44, 0x45, 0x52, 0x2C, 0x20, 0x76, 0x73, 0x53, 0x6F, 0x75, 0x72, 0x63, 0x65, 
    0x29, 0x29, 0x3B, 0x0D, 0x0A, 0x20, 0x20, 0x20, 0x20, 0x20, 0x20, 0x20, 0x20, 0x67, 0x6C, 0x2E, 
    0x61, 0x74, 0x74, 0x61, 0x63, 0x68, 0x53, 0x68, 0x61, 0x64, 0x65, 0x72, 0x28, 0x70, 0x72, 0x6F, 
    0x67, 0x72, 0x61, 0x6D, 0x2C, 0x20, 0x63, 0x72, 0x65, 0x61, 0x74, 0x65, 0x53, 0x68, 0x61, 0x64, 
    0x65, 0x72, 0x28, 0x67, 0x6C, 0x2C, 0x20, 0x67, 0x6C, 0x2E, 0x46, 0x52, 0x41, 0x47, 0x4D, 0x45, 
    0x4E, 0x54, 0x5F, 0x53, 0x48, 0x41, 0x44, 0x45, 0x52, 0x2C, 0x20, 0x66, 0x73, 0x53, 0x6F, 0x75, 
    0x72, 0x63, 0x65, 0x29, 0x29, 0x3B, 0x0D, 0x0A, 0x20, 0x20, 0x20, 0x20, 0x20, 0x20, 0x20, 0x20, 
    0x67, 0x6C, 0x2E, 0x6C, 0x69, 0x6E, 0x6B, 0x50, 0x72, 0x6F, 0x67, 0x72, 0x61, 0x6D, 0x28, 0x70, 
    0x72, 0x6F, 0x67, 0x72, 0x61, 0x6D, 0x29, 0x3B, 0x0D, 0x0A, 0x20, 0x20, 0x20, 0x20, 0x20, 0x20, 
    0x20, 0x20, 0x67, 0x6C, 0x2E, 0x75, 0x73, 0x65, 0x50, 0x72, 0x6F, 0x67, 0x72, 0x61, 0x6D, 0x28, 
    0x70, 0x72, 0x6F, 0x67, 0x72, 0x61, 0x6D, 0x29, 0x3B, 0x0D, 0x0A, 0x0D, 0x0A, 0x20, 0x20, 0x20, 
    0x20, 0x20, 0x20, 0x20, 0x20, 0x63, 0x6F, 0x6E, 0x73, 0x74, 0x20, 0x61, 0x74, 0x74, 0x72, 0x69, 
    0x62, 0x73, 0x20, 0x3D, 0x20, 0x7B, 0x0D, 0x0A, 0x20, 0x20, 0x20, 0x20, 0x20, 0x20, 0x20, 0x20, 
    0x20, 0x20, 0x20, 0x20, 0x70, 0x6F, 0x73, 0x3A, 0x20, 0x67, 0x6C, 0x2E, 0x67, 0x65, 0x74, 0x41, 
    0x74, 0x74, 0x72, 0x69, 0x62, 0x4C, 0x6F, 0x63, 0x61, 0x74, 0x69, 0x6F, 0x6E, 0x28, 0x70, 0x72, 
    0x6F, 0x67, 0x72, 0x61, 0x6D, 0x2C, 0x20, 0x22, 0x61, 0x50, 0x6F, 0x73, 0x22, 0x29, 0x2C, 0x0D, 
    0x0A, 0x20, 0x20, 0x20, 0x20, 0x20, 0x20, 0x20, 0x20, 0x20, 0x20, 0x20, 0x20, 0x75, 0x76, 0x3A, 
    0x20, 0x67, 0x6C, 0x2E, 0x67, 0x65, 0x74, 0x41, 0x74, 0x74, 0x72, 0x69, 0x62, 0x4C, 0x6F, 0x63, 
    0x61, 0x74, 0x69, 0x6F, 0x6E, 0x28, 0x70, 0x72, 0x6F, 0x67, 0x72, 0x61, 0x6D, 0x2C, 0x20, 0x22, 
    0x61, 0x55, 0x56, 0x22, 0x29, 0x2C, 0x0D, 0x0A, 0x20, 0x20, 0x20, 0x20, 0x20, 0x20, 0x20, 0x20, 
    0x20, 0x20, 0x20, 0x20, 0x63, 0x6F, 0x6C, 0x6F, 0x72, 0x3A, 0x20, 0x67, 0x6C, 0x2E, 0x67, 0x65, 
    0x74, 0x41, 0x74, 0x74, 0x72, 0x69, 0x62, 0x4C, 0x6F, 0x63, 0x61, 0x74, 0x69, 0x6F, 0x6E, 0x28, 
    0x70, 0x72, 0x6F, 0x67, 0x72, 0x61, 0x6D, 0x2C, 0x20, 0x22, 0x61, 0x43, 0x6F, 0x6C, 0x6F, 0x72, 
    0x22, 0x29, 0x0D, 0x0A, 0x20, 0x20, 0x20, 0x20, 0x20, 0x20, 0x20, 0x20, 0x7D, 0x3B, 0x0D, 0x0A, 
    0x20, 0x20, 0x20, 0x20, 0x20, 0x20, 0x20, 0x20, 0x63, 0x6F, 0x6E, 0x73, 0x74, 0x20, 0x75, 0x6E, 
    0x69, 0x66, 0x6F, 0x72, 0x6D, 0x73, 0x20, 0x3D, 0x20, 0x7B, 0x0D, 0x0A, 0x20, 0x20, 0x20, 0x20, 
    0x20, 0x20, 0x20, 0x20, 0x20, 0x20, 0x20, 0x20, 0x64, 0x69, 0x73, 0x70, 0x6C, 0x61, 0x79, 0x53, 
    0x69, 0x7A, 0x65, 0x3A, 0x20, 0x67, 0x6C, 0x2E, 0x67, 0x65, 0x74, 0x55, 0x6E, 0x69, 0x66, 0x6F, 
    0x72, 0x6D, 0x4C, 0x6F, 0x63, 0x61, 0x74, 0x69, 0x6F, 0x6E, 0x28, 0x70, 0x72, 0x6F, 0x67, 0x72, 
    0x61, 0x6D, 0x2C, 0x20, 0x22, 0x75, 0x44, 0x69, 0x73, 0x70, 0x6C, 0x61, 0x79, 0x53, 0x69, 0x7A, 
    0x65, 0x22, 0x29, 0x2C, 0x0D, 0x0A, 0x20, 0x20, 0x20, 0x20, 0x20, 0x20, 0x20, 0x20, 0x20, 0x20, 
    0x20, 0x20, 0x74, 0x65, 0x78, 0x74, 0x75, 0x72, 0x65, 0x3A, 0x20, 0x67, 0x6C, 0x2E, 0x67, 0x65, 
    0x74, 0x55, 0x6E, 0x69, 0x66, 0x6F, 0x72, 0x6D, 0x4C, 0x6F, 0x63, 0x61, 0x74, 0x69, 0x6F, 0x6E, 
    0x28, 0x70, 0x72, 0x6F, 0x67, 0x72, 0x61, 0x6D, 0x2C, 0x20, 0x22, 0x75, 0x54, 0x65, 0x78, 0x74, 
    0x75, 0x72, 0x65, 0x22, 0x29, 0x0D, 0x0A, 0x20, 0x20, 0x20, 0x20, 0x20, 0x20, 0x20, 0x20, 0x7D, 
    0x3B, 0x0D, 0x0A, 0x0D, 0x0A, 0x20, 0x20, 0x20, 0x20, 0x20, 0x20, 0x20, 0x20, 0x63, 0x6F, 0x6E, 
    0x73, 0x74, 0x20, 0x67, 0x6C, 0x56, 0x65, 0x72, 0x74, 0x65, 0x78, 0x42, 0x75, 0x66, 0x66, 0x65, 
    0x72, 0x20, 0x3D, 0x20, 0x67, 0x6C, 0x2E, 0x63, 0x72, 0x65, 0x61, 0x74, 0x65, 0x42, 0x75, 0x66, 
    0x66, 0x65, 0x72, 0x28, 0x29, 0x3B, 0x0D, 0x0A, 0x20, 0x20, 0x20, 0x20, 0x20, 0x20, 0x20, 0x20, 
    0x63, 0x6F, 0x6E, 0x73, 0x74, 0x20, 0x67, 0x6C, 0x49, 0x6E, 0x64, 0x65, 0x78, 0x42, 0x75, 0x66, 
    0x66, 0x65, 0x72, 0x20, 0x3D, 0x20, 0x67, 0x6C, 0x2E, 0x63, 0x72, 0x65, 0x61, 0x74, 0x65, 0x42, 
    0x75, 0x66, 0x66, 0x65, 0x72, 0x28, 0x29, 0x3B, 0x0D, 0x0A, 0x20, 0x20, 0x20, 0x20, 0x20, 0x20, 
    0x20, 0x20, 0x63, 0x6F, 0x6E, 0x73, 0x74, 0x20, 0x74, 0x65, 0x78, 0x74, 0x75, 0x72, 0x65, 0x73, 
    0x20, 0x3D, 0x20, 0x7B, 0x7D, 0x3B, 0x0D, 0x0A, 0x0D, 0x0A, 0x20, 0x20, 0x20, 0x20, 0x20, 0x20, 
    0x20, 0x20, 0x66, 0x75, 0x6E, 0x63, 0x74, 0x69, 0x6F, 0x6E, 0x20, 0x72, 0x65, 0x73, 0x69, 0x7A, 
    0x65, 0x43, 0x61, 0x6E, 0x76, 0x61, 0x73, 0x28, 0x29, 0x20, 0x7B, 0x0D, 0x0A, 0x20, 0x20, 0x20, 
    0x20, 0x20, 0x20, 0x20, 0x20, 0x20, 0x20, 0x20, 0x20, 0x63, 0x61, 0x6E, 0x76, 0x61, 0x73, 0x2E, 
    0x77, 0x69, 0x64, 0x74, 0x68, 0x20, 0x3D, 0x20, 0x77, 0x69, 0x6E, 0x64, 0x6F, 0x77, 0x2E, 0x69, 
    0x6E, 0x6E, 0x65, 0x72, 0x57, 0x69, 0x64, 0x74, 0x68, 0x3B, 0x0D, 0x0A, 0x20, 0x20, 0x20, 0x20, 
    0x20, 0x20, 0x20, 0x20, 0x20, 0x20, 0x20, 0x20, 0x63, 0x61, 0x6E, 0x76, 0x61, 0x73, 0x2E, 0x68, 
    0x65, 0x69, 0x67, 0x68, 0x74, 0x20, 0x3D, 0x20, 0x77, 0x69, 0x6E, 0x64, 0x6F, 0x77, 0x2E, 0x69, 
    0x6E, 0x6E, 0x65, 0x72, 0x48, 0x65, 0x69, 0x67, 0x68, 0x74, 0x3B, 0x0D, 0x0A, 0x20, 0x20, 0x20, 
    0x20, 0x20, 0x20, 0x20, 0x20, 0x20, 0x20, 0x20, 0x20, 0x67, 0x6C, 0x2E, 0x76, 0x69, 0x65, 0x77, 
    0x70, 0x6F, 0x72, 0x74, 0x28, 0x30, 0x2C, 0x20, 0x30, 0x2C, 0x20, 0x63, 0x61, 0x6E, 0x76, 0x61, 
    0x73, 0x2E, 0x77, 0x69, 0x64, 0x74, 0x68, 0x2C, 0x20, 0x63, 0x61, 0x6E, 0x76, 0x61, 0x73, 0x2E, 
    0x68, 0x65, 0x69, 0x67, 0x68, 0x74, 0x29, 0x3B, 0x0D, 0x0A, 0x20, 0x20, 0x20, 0x20, 0x20, 0x20, 
    0x20, 0x20, 0x20, 0x20, 0x20, 0x20, 0x69, 0x66, 0x20, 0x28, 0x73, 0x6F, 0x63, 0x6B, 0x65, 0x74, 
    0x2E, 0x72, 0x65, 0x61, 0x64, 0x79, 0x53, 0x74, 0x61, 0x74, 0x65, 0x20, 0x3D, 0x3D, 0x3D, 0x20, 
    0x57, 0x65, 0x62, 0x53, 0x6F, 0x63, 0x6B, 0x65, 0x74, 0x2E, 0x4F, 0x50, 0x45, 0x4E, 0x29, 0x20, 
    0x7B, 0x0D, 0x0A, 0x20, 0x20, 0x20, 0x20, 0x20, 0x20, 0x20, 0x20, 0x20, 0x20, 0x20, 0x20, 0x20, 
    0x20, 0x20, 0x20, 0x73, 0x6F, 0x63, 0x6B, 0x65, 0x74, 0x2E, 0x73, 0x65, 0x6E, 0x64, 0x28, 0x4A, 
    0x53, 0x4F, 0x4E, 0x2E, 0x73, 0x74, 0x72, 0x69, 0x6E, 0x67, 0x69, 0x66, 0x79, 0x28, 0x7B, 0x20, 
    0x74, 0x79, 0x70, 0x65, 0x3A, 0x20, 0x22, 0x72, 0x65, 0x73, 0x69, 0x7A, 0x65, 0x22, 0x2C, 0x20, 
    0x77, 0x3A, 0x20, 0x63, 0x61, 0x6E, 0x76, 0x61, 0x73, 0x2E, 0x77, 0x69, 0x64, 0x74, 0x68, 0x2C, 
    0x20, 0x68, 0x3A, 0x20, 0x63, 0x61, 0x6E, 0x76, 0x61, 0x73, 0x2E, 0x68, 0x65, 0x69, 0x67, 0x68, 
    0x74, 0x20, 0x7D, 0x29, 0x29, 0x3B, 0x0D, 0x0A, 0x20, 0x20, 0x20, 0x20, 0x20, 0x20, 0x20, 0x20, 
    0x20, 0x20, 0x20, 0x20, 0x7D, 0x0D, 0x0A, 0x20, 0x20, 0x20, 0x20, 0x20, 0x20, 0x20, 0x20, 0x7D, 
    0x0D, 0x0A, 0x20, 0x20, 0x20, 0x20, 0x20, 0x20, 0x20, 0x20, 0x77, 0x69, 0x6E, 0x64, 0x6F, 0x77, 
    0x2E, 0x61, 0x64, 0x64, 0x45, 0x76, 0x65, 0x6E, 0x74, 0x4C, 0x69, 0x73, 0x74, 0x65, 0x6E, 0x65, 
    0x72, 0x28, 0x27, 0x72, 0x65, 0x73, 0x69, 0x7A, 0x65, 0x27, 0x2C, 0x20, 0x72, 0x65, 0x73, 0x69, 
    0x7A, 0x65, 0x43, 0x61, 0x6E, 0x76, 0x61, 0x73, 0x29, 0x3B, 0x0D, 0x0A, 0x0D, 0x0A, 0x20, 0x20, 
    0x20, 0x20, 0x20, 0x20, 0x20, 0x20, 0x2F, 0x2F, 0x20, 0x4F, 0x70, 0x65, 0x6E, 0x20, 0x77, 0x65, 
    0x62, 0x73, 0x6F, 0x63, 0x6B, 0x65, 0x74, 0x0D, 0x0A, 0x20, 0x20, 0x20, 0x20, 0x20, 0x20, 0x20, 
    0x20, 0x63, 0x6F, 0x6E, 0x73, 0x74, 0x20, 0x73, 0x6F, 0x63, 0x6B, 0x65, 0x74, 0x20, 0x3D, 0x20, 
    0x6E, 0x65, 0x77, 0x20, 0x57, 0x65, 0x62, 0x53, 0x6F, 0x63, 0x6B, 0x65, 0x74, 0x28, 0x22, 0x77, 
    0x73, 0x3A, 0x2F, 0x2F, 0x6C, 0x6F, 0x63, 0x61, 0x6C, 0x68, 0x6F, 0x73, 0x74, 0x3A, 0x38, 0x30, 
    0x38, 0x30, 0x22, 0x29, 0x3B, 0x0D, 0x0A, 0x20, 0x20, 0x20, 0x20, 0x20, 0x20, 0x20, 0x20, 0x73, 
    0x6F, 0x63, 0x6B, 0x65, 0x74, 0x2E, 0x62, 0x69, 0x6E, 0x61, 0x72, 0x79, 0x54, 0x79, 0x70, 0x65, 
    0x20, 0x3D, 0x20, 0x22, 0x61, 0x72, 0x72, 0x61, 0x79, 0x62, 0x75, 0x66, 0x66, 0x65, 0x72, 0x22, 
    0x3B, 0x0D, 0x0A, 0x0D, 0x0A, 0x20, 0x20, 0x20, 0x20, 0x20, 0x20, 0x20, 0x20, 0x73, 0x6F, 0x63, 
    0x6B, 0x65, 0x74, 0x2E, 0x6F, 0x6E, 0x6F, 0x70, 0x65, 0x6E, 0x20, 0x3D, 0x20, 0x28, 0x29, 0x20, 
    0x3D, 0x3E, 0x20, 0x7B, 0x20, 0x72, 0x65, 0x73, 0x69, 0x7A, 0x65, 0x43, 0x61, 0x6E, 0x76, 0x61, 
    0x73, 0x28, 0x29, 0x3B, 0x20, 0x7D, 0x3B, 0x0D, 0x0A, 0x0D, 0x0A, 0x09, 0x09, 0x63, 0x6F, 0x6E, 
    0x73, 0x74, 0x20, 0x65, 0x72, 0x72, 0x6F, 0x72, 0x42, 0x6C, 0x6F, 0x63, 0x6B, 0x20, 0x3D, 0x20, 
    0x64, 0x6F, 0x63, 0x75, 0x6D, 0x65, 0x6E, 0x74, 0x2E, 0x67, 0x65, 0x74, 0x45, 0x6C, 0x65, 0x6D, 
    0x65, 0x6E, 0x74, 0x42, 0x79, 0x49, 0x64, 0x28, 0x22, 0x65, 0x72, 0x72, 0x6F, 0x72, 0x2D, 0x62, 
    0x6C, 0x6F, 0x63, 0x6B, 0x22, 0x29, 0x3B, 0x0D, 0x0A, 0x09, 0x09, 0x66, 0x75, 0x6E, 0x63, 0x74, 
    0x69, 0x6F, 0x6E, 0x20, 0x73, 0x68, 0x6F, 0x77, 0x45, 0x72, 0x72, 0x6F, 0x72, 0x28, 0x29, 0x20, 
    0x7B, 0x0D, 0x0A, 0x09, 0x09, 0x09, 0x65, 0x72, 0x72, 0x6F, 0x72, 0x42, 0x6C, 0x6F, 0x63, 0x6B, 
    0x2E, 0x73, 0x74, 0x79, 0x6C, 0x65, 0x2E, 0x64, 0x69, 0x73, 0x70, 0x6C, 0x61, 0x79, 0x20, 0x3D, 
    0x20, 0x22, 0x62, 0x6C, 0x6F, 0x63, 0x6B, 0x22, 0x3B, 0x0D, 0x0A, 0x09, 0x09, 0x7D, 0x0D, 0x0A, 
    0x09, 0x09, 0x0D, 0x0A, 0x09, 0x09, 0x73, 0x6F, 0x63, 0x6B, 0x65, 0x74, 0x2E, 0x6F, 0x6E, 0x65, 
    0x72, 0x72, 0x6F, 0x72, 0x20, 0x3D, 0x20, 0x28, 0x65, 0x72, 0x72, 0x6F, 0x72, 0x29, 0x20, 0x3D, 
    0x3E, 0x20, 0x7B, 0x0D, 0x0A, 0x09, 0x09, 0x09, 0x63, 0x6F, 0x6E, 0x73, 0x6F, 0x6C, 0x65, 0x2E, 
    0x65, 0x72, 0x72, 0x6F, 0x72, 0x28, 0x22, 0x57, 0x65, 0x62, 0x73, 0x6F, 0x63, 0x6B, 0x65, 0x74, 
    0x20, 0x65, 0x72, 0x72, 0x6F, 0x72, 0x3A, 0x22, 0x2C, 0x20, 0x65, 0x72, 0x72, 0x6F, 0x72, 0x29, 
    0x3B, 0x0D, 0x0A, 0x09, 0x09, 0x09, 0x73, 0x68, 0x6F, 0x77, 0x45, 0x72, 0x72, 0x6F, 0x72, 0x28, 
    0x29, 0x3B, 0x0D, 0x0A, 0x09, 0x09, 0x7D, 0x3B, 0x0D, 0x0A, 0x0D, 0x0A, 0x09, 0x09, 0x73, 0x6F, 
    0x63, 0x6B, 0x65, 0x74, 0x2E, 0x6F, 0x6E, 0x63, 0x6C, 0x6F, 0x73, 0x65, 0x20, 0x3D, 0x20, 0x28, 
    0x65, 0x76, 0x65, 0x6E, 0x74, 0x29, 0x20, 0x3D, 0x3E, 0x20, 0x7B, 0x0D, 0x0A, 0x09, 0x09, 0x09, 
    0x69, 0x66, 0x20, 0x28, 0x21, 0x65, 0x76, 0x65, 0x6E, 0x74, 0x2E, 0x77, 0x61, 0x73, 0x43, 0x6C, 
    0x65, 0x61, 0x6E, 0x29, 0x20, 0x7B, 0x0D, 0x0A, 0x09, 0x09, 0x09, 0x09, 0x63, 0x6F, 0x6E, 0x73, 
    0x6F, 0x6C, 0x65, 0x2E, 0x77, 0x61, 0x72, 0x6E, 0x28, 0x22, 0x43, 0x6F, 0x6E, 0x65, 0x63, 0x74, 
    0x69, 0x6F, 0x6E, 0x20, 0x63, 0x6C, 0x6F, 0x73, 0x65, 0x64, 0x20, 0x77, 0x69, 0x74, 0x68, 0x20, 
    0x65, 0x72, 0x72, 0x6F, 0x72, 0x22, 0x29, 0x3B, 0x0D, 0x0A, 0x09, 0x09, 0x09, 0x7D, 0x0D, 0x0A, 
    0x09, 0x09, 0x09, 0x65, 0x6C, 0x73, 0x65, 0x7B, 0x0D, 0x0A, 0x09, 0x09, 0x09, 0x09, 0x63, 0x6F, 
    0x6E, 0x73, 0x6F, 0x6C, 0x65, 0x2E, 0x77, 0x61, 0x72, 0x6E, 0x28, 0x22, 0x43, 0x6F, 0x6E, 0x65, 
    0x63, 0x74, 0x69, 0x6F, 0x6E, 0x20, 0x63, 0x6C, 0x6F, 0x73, 0x65, 0x64, 0x22, 0x29, 0x3B, 0x0D, 
    0x0A, 0x09, 0x09, 0x09, 0x7D, 0x0D, 0x0A, 0x09, 0x09, 0x09, 0x73, 0x68, 0x6F, 0x77, 0x45, 0x72, 
    0x72, 0x6F, 0x72, 0x28, 0x29, 0x3B, 0x0D, 0x0A, 0x09, 0x09, 0x7D, 0x3B, 0x0D, 0x0A, 0x0D, 0x0A, 
    0x0D, 0x0A, 0x20, 0x20, 0x20, 0x20, 0x20, 0x20, 0x20, 0x20, 0x6C, 0x65, 0x74, 0x20, 0x63, 0x6C, 
    0x69, 0x65, 0x6E, 0x74, 0x46, 0x72, 0x61, 0x6D, 0x65, 0x42, 0x75, 0x66, 0x66, 0x65, 0x72, 0x20, 
    0x3D, 0x20, 0x6E, 0x65, 0x77, 0x20, 0x55, 0x69, 0x6E, 0x74, 0x38, 0x41, 0x72, 0x72, 0x61, 0x79, 
    0x28, 0x30, 0x29, 0x3B, 0x0D, 0x0A, 0x20, 0x20, 0x20, 0x20, 0x20, 0x20, 0x20, 0x20, 0x6C, 0x65, 
    0x74, 0x20, 0x74, 0x65, 0x78, 0x74, 0x54, 0x6F, 0x43, 0x6F, 0x70, 0x79, 0x4E, 0x65, 0x78, 0x74, 
    0x20, 0x3D, 0x20, 0x22, 0x22, 0x3B, 0x20, 0x0D, 0x0A, 0x0D, 0x0A, 0x20, 0x20, 0x20, 0x20, 0x20, 
    0x20, 0x20, 0x20, 0x2F, 0x2F, 0x20, 0x52, 0x65, 0x6E, 0x64, 0x65, 0x72, 0x20, 0x66, 0x75, 0x6E, 
    0x63, 0x74, 0x69, 0x6F, 0x6E, 0x0D, 0x0A, 0x20, 0x20, 0x20, 0x20, 0x20, 0x20, 0x20, 0x20, 0x66, 
    0x75, 0x6E, 0x63, 0x74, 0x69, 0x6F, 0x6E, 0x20, 0x72, 0x65, 0x6E, 0x64, 0x65, 0x72, 0x49, 0x6D, 
    0x47, 0x75, 0x69, 0x46, 0x72, 0x61, 0x6D, 0x65, 0x28, 0x72, 0x61, 0x77, 0x42, 0x75, 0x66, 0x66, 
    0x65, 0x72, 0x29, 0x20, 0x7B, 0x0D, 0x0A, 0x20, 0x20, 0x20, 0x20, 0x20, 0x20, 0x20, 0x20, 0x20, 
    0x20, 0x20, 0x20, 0x63, 0x6F, 0x6E, 0x73, 0x74, 0x20, 0x72, 0x65, 0x6E, 0x64, 0x65, 0x72, 0x56, 
    0x69, 0x65, 0x77, 0x20, 0x3D, 0x20, 0x6E, 0x65, 0x77, 0x20, 0x44, 0x61, 0x74, 0x61, 0x56, 0x69, 
    0x65, 0x77, 0x28, 0x72, 0x61, 0x77, 0x42, 0x75, 0x66, 0x66, 0x65, 0x72, 0x29, 0x3B, 0x0D, 0x0A, 
    0x20, 0x20, 0x20, 0x20, 0x20, 0x20, 0x20, 0x20, 0x20, 0x20, 0x20, 0x20, 0x63, 0x6F, 0x6E, 0x73, 
    0x74, 0x20, 0x74, 0x6F, 0x74, 0x61, 0x6C, 0x56, 0x74, 0x78, 0x43, 0x6F, 0x75, 0x6E, 0x74, 0x20, 
    0x3D, 0x20, 0x72, 0x65, 0x6E, 0x64, 0x65, 0x72, 0x56, 0x69, 0x65, 0x77, 0x2E, 0x67, 0x65, 0x74, 
    0x55, 0x69, 0x6E, 0x74, 0x33, 0x32, 0x28, 0x30, 0x2C, 0x20, 0x74, 0x72, 0x75, 0x65, 0x29, 0x3B, 
    0x0D, 0x0A, 0x20, 0x20, 0x20, 0x20, 0x20, 0x20, 0x20, 0x20, 0x20, 0x20, 0x20, 0x20, 0x63, 0x6F, 
    0x6E, 0x73, 0x74, 0x20, 0x74, 0x6F, 0x74, 0x61, 0x6C, 0x49, 0x64, 0x78, 0x43, 0x6F, 0x75, 0x6E, 
    0x74, 0x20, 0x3D, 0x20, 0x72, 0x65, 0x6E, 0x64, 0x65, 0x72, 0x56, 0x69, 0x65, 0x77, 0x2E, 0x67, 
    0x65, 0x74, 0x55, 0x69, 0x6E, 0x74, 0x33, 0x32, 0x28, 0x34, 0x2C, 0x20, 0x74, 0x72, 0x75, 0x65, 
    0x29, 0x3B, 0x0D, 0x0A, 0x20, 0x20, 0x20, 0x20, 0x20, 0x20, 0x20, 0x20, 0x20, 0x20, 0x20, 0x20, 
    0x63, 0x6F, 0x6E, 0x73, 0x74, 0x20, 0x74, 0x6F, 0x74, 0x61, 0x6C, 0x43, 0x6D, 0x64, 0x43, 0x6F, 
    0x75, 0x6E, 0x74, 0x20, 0x3D, 0x20, 0x72, 0x65, 0x6E, 0x64, 0x65, 0x72, 0x56, 0x69, 0x65, 0x77, 
    0x2E, 0x67, 0x65, 0x74, 0x55, 0x69, 0x6E, 0x74, 0x33, 0x32, 0x28, 0x38, 0x2C, 0x20, 0x74, 0x72, 
    0x75, 0x65, 0x29, 0x3B, 0x0D, 0x0A, 0x20, 0x20, 0x20, 0x20, 0x20, 0x20, 0x20, 0x20, 0x20, 0x20, 
    0x20, 0x20, 0x63, 0x6F, 0x6E, 0x73, 0x74, 0x20, 0x69, 0x64, 0x78, 0x54, 0x79, 0x70, 0x65, 0x53, 
    0x69, 0x7A, 0x65, 0x20, 0x3D, 0x20, 0x72, 0x65, 0x6E, 0x64, 0x65, 0x72, 0x56, 0x69, 0x65, 0x77, 
    0x2E, 0x67, 0x65, 0x74, 0x55, 0x69, 0x6E, 0x74, 0x33, 0x32, 0x28, 0x31, 0x32, 0x2C, 0x20, 0x74, 
    0x72, 0x75, 0x65, 0x29, 0x3B, 0x20, 0x2F, 0x2F, 0x20, 0x49, 0x6E, 0x64, 0x65, 0x78, 0x20, 0x73, 
    0x69, 0x7A, 0x65, 0x20, 0x66, 0x6F, 0x72, 0x6D, 0x20, 0x73, 0x65, 0x72, 0x76, 0x65, 0x72, 0x0D, 
    0x0A, 0x20, 0x20, 0x20, 0x20, 0x20, 0x20, 0x20, 0x20, 0x20, 0x20, 0x20, 0x20, 0x0D, 0x0A, 0x20, 
    0x20, 0x20, 0x20, 0x20, 0x20, 0x20, 0x20, 0x20, 0x20, 0x20, 0x20, 0x6C, 0x65, 0x74, 0x20, 0x6F, 
    0x66, 0x66, 0x73, 0x65, 0x74, 0x20, 0x3D, 0x20, 0x31, 0x36, 0x3B, 0x20, 0x2F, 0x2F, 0x20, 0x31, 
    0x36, 0x20, 0x62, 0x79, 0x74, 0x65, 0x20, 0x68, 0x65, 0x61, 0x64, 0x65, 0x72, 0x0D, 0x0A, 0x20, 
    0x20, 0x20, 0x20, 0x20, 0x20, 0x20, 0x20, 0x20, 0x20, 0x20, 0x20, 0x63, 0x6F, 0x6E, 0x73, 0x74, 
    0x20, 0x56, 0x54, 0x58, 0x5F, 0x53, 0x49, 0x5A, 0x45, 0x20, 0x3D, 0x20, 0x32, 0x30, 0x3B, 0x0D, 
    0x0A, 0x0D, 0x0A, 0x20, 0x20, 0x20, 0x20, 0x20, 0x20, 0x20, 0x20, 0x20, 0x20, 0x20, 0x20, 0x63, 
    0x6F, 0x6E, 0x73, 0x74, 0x20, 0x76, 0x74, 0x78, 0x42, 0x79, 0x74, 0x65, 0x4C, 0x65, 0x6E, 0x67, 
    0x74, 0x68, 0x20, 0x3D, 0x20, 0x74, 0x6F, 0x74, 0x61, 0x6C, 0x56, 0x74, 0x78, 0x43, 0x6F, 0x75, 
    0x6E, 0x74, 0x20, 0x2A, 0x20, 0x56, 0x54, 0x58, 0x5F, 0x53, 0x49, 0x5A, 0x45, 0x3B, 0x0D, 0x0A, 
    0x20, 0x20, 0x20, 0x20, 0x20, 0x20, 0x20, 0x20, 0x20, 0x20, 0x20, 0x20, 0x63, 0x6F, 0x6E, 0x73, 
    0x74, 0x20, 0x76, 0x74, 0x78, 0x52, 0x61, 0x77, 0x42, 0x75, 0x66, 0x66, 0x65, 0x72, 0x20, 0x3D, 
    0x20, 0x72, 0x61, 0x77, 0x42, 0x75, 0x66, 0x66, 0x65, 0x72, 0x2E, 0x73, 0x6C, 0x69, 0x63, 0x65, 
    0x28, 0x6F, 0x66, 0x66, 0x73, 0x65, 0x74, 0x2C, 0x20, 0x6F, 0x66, 0x66, 0x73, 0x65, 0x74, 0x20, 
    0x2B, 0x20, 0x76, 0x74, 0x78, 0x42, 0x79, 0x74, 0x65, 0x4C, 0x65, 0x6E, 0x67, 0x74, 0x68, 0x29, 
    0x3B, 0x0D, 0x0A, 0x20, 0x20, 0x20, 0x20, 0x20, 0x20, 0x20, 0x20, 0x20, 0x20, 0x20, 0x20, 0x63, 
    0x6F, 0x6E, 0x73, 0x74, 0x20, 0x76, 0x74, 0x78, 0x41, 0x72, 0x72, 0x61, 0x79, 0x20, 0x3D, 0x20, 
    0x6E, 0x65, 0x77, 0x20, 0x46, 0x6C, 0x6F, 0x61, 0x74, 0x33, 0x32, 0x41, 0x72, 0x72, 0x61, 0x79, 
    0x28, 0x76, 0x74, 0x78, 0x52, 0x61, 0x77, 0x42, 0x75, 0x66, 0x66, 0x65, 0x72, 0x29, 0x3B, 0x0D, 
    0x0A, 0x20, 0x20, 0x20, 0x20, 0x20, 0x20, 0x20, 0x20, 0x20, 0x20, 0x20, 0x20, 0x6F, 0x66, 0x66, 
    0x73, 0x65, 0x74, 0x20, 0x2B, 0x3D, 0x20, 0x76, 0x74, 0x78, 0x42, 0x79, 0x74, 0x65, 0x4C, 0x65, 
    0x6E, 0x67, 0x74, 0x68, 0x3B, 0x0D, 0x0A, 0x0D, 0x0A, 0x20, 0x20, 0x20, 0x20, 0x20, 0x20, 0x20, 
    0x20, 0x20, 0x20, 0x20, 0x20, 0x63, 0x6F, 0x6E, 0x73, 0x74, 0x20, 0x69, 0x64, 0x78, 0x42, 0x79, 
    0x74, 0x65, 0x4C, 0x65, 0x6E, 0x67, 0x74, 0x68, 0x20, 0x3D, 0x20, 0x74, 0x6F, 0x74, 0x61, 0x6C, 
    0x49, 0x64, 0x78, 0x43, 0x6F, 0x75, 0x6E, 0x74, 0x20, 0x2A, 0x20, 0x69, 0x64, 0x78, 0x54, 0x79, 
    0x70, 0x65, 0x53, 0x69, 0x7A, 0x65, 0x3B, 0x0D, 0x0A, 0x20, 0x20, 0x20, 0x20, 0x20, 0x20, 0x20, 
    0x20, 0x20, 0x20, 0x20, 0x20, 0x63, 0x6F, 0x6E, 0x73, 0x74, 0x20, 0x69, 0x64, 0x78, 0x52, 0x61, 
    0x77, 0x42, 0x75, 0x66, 0x66, 0x65, 0x72, 0x20, 0x3D, 0x20, 0x72, 0x61, 0x77, 0x42, 0x75, 0x66, 
    0x66, 0x65, 0x72, 0x2E, 0x73, 0x6C, 0x69, 0x63, 0x65, 0x28, 0x6F, 0x66, 0x66, 0x73, 0x65, 0x74, 
    0x2C, 0x20, 0x6F, 0x66, 0x66, 0x73, 0x65, 0x74, 0x20, 0x2B, 0x20, 0x69, 0x64, 0x78, 0x42, 0x79, 
    0x74, 0x65, 0x4C, 0x65, 0x6E, 0x67, 0x74, 0x68, 0x29, 0x3B, 0x0D, 0x0A, 0x20, 0x20, 0x20, 0x20, 
    0x20, 0x20, 0x20, 0x20, 0x20, 0x20, 0x20, 0x20, 0x0D, 0x0A, 0x20, 0x20, 0x20, 0x20, 0x20, 0x20, 
    0x20, 0x20, 0x20, 0x20, 0x20, 0x20, 0x2F, 0x2F, 0x20, 0x44, 0x79, 0x6E, 0x61, 0x6D, 0x69, 0x63, 
    0x61, 0x6C, 0x6C, 0x79, 0x20, 0x63, 0x68, 0x6F, 0x6F, 0x73, 0x65, 0x20, 0x69, 0x6E, 0x64, 0x65, 
    0x78, 0x20, 0x74, 0x79, 0x70, 0x65, 0x20, 0x28, 0x31, 0x36, 0x2D, 0x62, 0x69, 0x74, 0x20, 0x6F, 
    0x72, 0x20, 0x33, 0x32, 0x2D, 0x62, 0x69, 0x74, 0x29, 0x0D, 0x0A, 0x20, 0x20, 0x20, 0x20, 0x20, 
    0x20, 0x20, 0x20, 0x20, 0x20, 0x20, 0x20, 0x6C, 0x65, 0x74, 0x20, 0x69, 0x64, 0x78, 0x41, 0x72, 
    0x72, 0x61, 0x79, 0x3B, 0x0D, 0x0A, 0x20, 0x20, 0x20, 0x20, 0x20, 0x20, 0x20, 0x20, 0x20, 0x20, 
    0x20, 0x20, 0x6C, 0x65, 0x74, 0x20, 0x67, 0x6C, 0x49, 0x6E, 0x64, 0x65, 0x78, 0x54, 0x79, 0x70, 
    0x65, 0x3B, 0x0D, 0x0A, 0x20, 0x20, 0x20, 0x20, 0x20, 0x20, 0x20, 0x20, 0x20, 0x20, 0x20, 0x20, 
    0x69, 0x66, 0x20, 0x28, 0x69, 0x64, 0x78, 0x54, 0x79, 0x70, 0x65, 0x53, 0x69, 0x7A, 0x65, 0x20, 
    0x3D, 0x3D, 0x3D, 0x20, 0x34, 0x29, 0x20, 0x7B, 0x0D, 0x0A, 0x20, 0x20, 0x20, 0x20, 0x20, 0x20, 
    0x20, 0x20, 0x20, 0x20, 0x20, 0x20, 0x20, 0x20, 0x20, 0x20, 0x69, 0x64, 0x78, 0x41, 0x72, 0x72, 
    0x61, 0x79, 0x20, 0x3D, 0x20, 0x6E, 0x65, 0x77, 0x20, 0x55, 0x69, 0x6E, 0x74, 0x33, 0x32, 0x41, 
    0x72, 0x72, 0x61, 0x79, 0x28, 0x69, 0x64, 0x78, 0x52, 0x61, 0x77, 0x42, 0x75, 0x66, 0x66, 0x65, 
    0x72, 0x29, 0x3B, 0x0D, 0x0A, 0x20, 0x20, 0x20, 0x20, 0x20, 0x20, 0x20, 0x20, 0x20, 0x20, 0x20, 
    0x20, 0x20, 0x20, 0x20, 0x20, 0x67, 0x6C, 0x49, 0x6E, 0x64, 0x65, 0x78, 0x54, 0x79, 0x70, 0x65, 
    0x20, 0x3D, 0x20, 0x67, 0x6C, 0x2E, 0x55, 0x4E, 0x53, 0x49, 0x47, 0x4E, 0x45, 0x44, 0x5F, 0x49, 
    0x4E, 0x54, 0x3B, 0x0D, 0x0A, 0x20, 0x20, 0x20, 0x20, 0x20, 0x20, 0x20, 0x20, 0x20, 0x20, 0x20, 
    0x20, 0x7D, 0x20, 0x65, 0x6C, 0x73, 0x65, 0x20, 0x7B, 0x0D, 0x0A, 0x20, 0x20, 0x20, 0x20, 0x20, 
    0x20, 0x20, 0x20, 0x20, 0x20, 0x20, 0x20, 0x20, 0x20, 0x20, 0x20, 0x69, 0x64, 0x78, 0x41, 0x72, 
    0x72, 0x61, 0x79, 0x20, 0x3D, 0x20, 0x6E, 0x65, 0x77, 0x20, 0x55, 0x69, 0x6E, 0x74, 0x31, 0x36, 
    0x41, 0x72, 0x72, 0x61, 0x79, 0x28, 0x69, 0x64, 0x78, 0x52, 0x61, 0x77, 0x42, 0x75, 0x66, 0x66, 
    0x65, 0x72, 0x29, 0x3B, 0x0D, 0x0A, 0x20, 0x20, 0x20, 0x20, 0x20, 0x20, 0x20, 0x20, 0x20, 0x20, 
    0x20, 0x20, 0x20, 0x20, 0x20, 0x20, 0x67, 0x6C, 0x49, 0x6E, 0x64, 0x65, 0x78, 0x54, 0x79, 0x70, 
    0x65, 0x20, 0x3D, 0x20, 0x67, 0x6C, 0x2E, 0x55, 0x4E, 0x53, 0x49, 0x47, 0x4E, 0x45, 0x44, 0x5F, 
    0x53, 0x48, 0x4F, 0x52, 0x54, 0x3B, 0x0D, 0x0A, 0x20, 0x20, 0x20, 0x20, 0x20, 0x20, 0x20, 0x20, 
    0x20, 0x20, 0x20, 0x20, 0x7D, 0x0D, 0x0A, 0x20, 0x20, 0x20, 0x20, 0x20, 0x20, 0x20, 0x20, 0x20, 
    0x20, 0x20, 0x20, 0x6F, 0x66, 0x66, 0x73, 0x65, 0x74, 0x20, 0x2B, 0x3D, 0x20, 0x69, 0x64, 0x78, 
    0x42, 0x79, 0x74, 0x65, 0x4C, 0x65, 0x6E, 0x67, 0x74, 0x68, 0x3B, 0x0D, 0x0A, 0x0D, 0x0A, 0x20, 
    0x20, 0x20, 0x20, 0x20, 0x20, 0x20, 0x20, 0x20, 0x20, 0x20, 0x20, 0x67, 0x6C, 0x2E, 0x63, 0x6C, 
    0x65, 0x61, 0x72, 0x28, 0x67, 0x6C, 0x2E, 0x43, 0x4F, 0x4C, 0x4F, 0x52, 0x5F, 0x42, 0x55, 0x46, 
    0x46, 0x45, 0x52, 0x5F, 0x42, 0x49, 0x54, 0x29, 0x3B, 0x0D, 0x0A, 0x20, 0x20, 0x20, 0x20, 0x20, 
    0x20, 0x20, 0x20, 0x20, 0x20, 0x20, 0x20, 0x67, 0x6C, 0x2E, 0x75, 0x6E, 0x69, 0x66, 0x6F, 0x72, 
    0x6D, 0x32, 0x66, 0x28, 0x75, 0x6E, 0x69, 0x66, 0x6F, 0x72, 0x6D, 0x73, 0x2E, 0x64, 0x69, 0x73, 
    0x70, 0x6C, 0x61, 0x79, 0x53, 0x69, 0x7A, 0x65, 0x2C, 0x20, 0x63, 0x61, 0x6E, 0x76, 0x61, 0x73, 
    0x2E, 0x77, 0x69, 0x64, 0x74, 0x68, 0x2C, 0x20, 0x63, 0x61, 0x6E, 0x76, 0x61, 0x73, 0x2E, 0x68, 
    0x65, 0x69, 0x67, 0x68, 0x74, 0x29, 0x3B, 0x0D, 0x0A, 0x0D, 0x0A, 0x20, 0x20, 0x20, 0x20, 0x20, 
    0x20, 0x20, 0x20, 0x20, 0x20, 0x20, 0x20, 0x67, 0x6C, 0x2E, 0x62, 0x69, 0x6E, 0x64, 0x42, 0x75, 
    0x66, 0x66, 0x65, 0x72, 0x28, 0x67, 0x6C, 0x2E, 0x41, 0x52, 0x52, 0x41, 0x59, 0x5F, 0x42, 0x55, 
    0x46, 0x46, 0x45, 0x52, 0x2C, 0x20, 0x67, 0x6C, 0x56, 0x65, 0x72, 0x74, 0x65, 0x78, 0x42, 0x75, 
    0x66, 0x66, 0x65, 0x72, 0x29, 0x3B, 0x0D, 0x0A, 0x20, 0x20, 0x20, 0x20, 0x20, 0x20, 0x20, 0x20, 
    0x20, 0x20, 0x20, 0x20, 0x67, 0x6C, 0x2E, 0x62, 0x75, 0x66, 0x66, 0x65, 0x72, 0x44, 0x61, 0x74, 
    0x61, 0x28, 0x67, 0x6C, 0x2E, 0x41, 0x52, 0x52, 0x41, 0x59, 0x5F, 0x42, 0x55, 0x46, 0x46, 0x45, 
    0x52, 0x2C, 0x20, 0x76, 0x74, 0x78, 0x41, 0x72, 0x72, 0x61, 0x79, 0x2C, 0x20, 0x67, 0x6C, 0x2E, 
    0x53, 0x54, 0x52, 0x45, 0x41, 0x4D, 0x5F, 0x44, 0x52, 0x41, 0x57, 0x29, 0x3B, 0x0D, 0x0A, 0x20, 
    0x20, 0x20, 0x20, 0x20, 0x20, 0x20, 0x20, 0x20, 0x20, 0x20, 0x20, 0x67, 0x6C, 0x2E, 0x62, 0x69, 
    0x6E, 0x64, 0x42, 0x75, 0x66, 0x66, 0x65, 0x72, 0x28, 0x67, 0x6C, 0x2E, 0x45, 0x4C, 0x45, 0x4D, 
    0x45, 0x4E, 0x54, 0x5F, 0x41, 0x52, 0x52, 0x41, 0x59, 0x5F, 0x42, 0x55, 0x46, 0x46, 0x45, 0x52, 
    0x2C, 0x20, 0x67, 0x6C, 0x49, 0x6E, 0x64, 0x65, 0x78, 0x42, 0x75, 0x66, 0x66, 0x65, 0x72, 0x29, 
    0x3B, 0x0D, 0x0A, 0x20, 0x20, 0x20, 0x20, 0x20, 0x20, 0x20, 0x20, 0x20, 0x20, 0x20, 0x20, 0x67, 
    0x6C, 0x2E, 0x62, 0x75, 0x66, 0x66, 0x65, 0x72, 0x44, 0x61, 0x74, 0x61, 0x28, 0x67, 0x6C, 0x2E, 
    0x45, 0x4C, 0x45, 0x4D, 0x45, 0x4E, 0x54, 0x5F, 0x41, 0x52, 0x52, 0x41, 0x59, 0x5F, 0x42, 0x55, 
    0x46, 0x46, 0x45, 0x52, 0x2C, 0x20, 0x69, 0x64, 0x78, 0x41, 0x72, 0x72, 0x61, 0x79, 0x2C, 0x20, 
    0x67, 0x6C, 0x2E, 0x53, 0x54, 0x52, 0x45, 0x41, 0x4D, 0x5F, 0x44, 0x52, 0x41, 0x57, 0x29, 0x3B, 
    0x0D, 0x0A, 0x0D, 0x0A, 0x20, 0x20, 0x20, 0x20, 0x20, 0x20, 0x20, 0x20, 0x20, 0x20, 0x20, 0x20, 
    0x67, 0x6C, 0x2E, 0x65, 0x6E, 0x61, 0x62, 0x6C, 0x65, 0x56, 0x65, 0x72, 0x74, 0x65, 0x78, 0x41, 
    0x74, 0x74, 0x72, 0x69, 0x62, 0x41, 0x72, 0x72, 0x61, 0x79, 0x28, 0x61, 0x74, 0x74, 0x72, 0x69, 
    0x62, 0x73, 0x2E, 0x70, 0x6F, 0x73, 0x29, 0x3B, 0x0D, 0x0A, 0x20, 0x20, 0x20, 0x20, 0x20, 0x20, 
    0x20, 0x20, 0x20, 0x20, 0x20, 0x20, 0x67, 0x6C, 0x2E, 0x76, 0x65, 0x72, 0x74, 0x65, 0x78, 0x41, 
    0x74, 0x74, 0x72, 0x69, 0x62, 0x50, 0x6F, 0x69, 0x6E, 0x74, 0x65, 0x72, 0x28, 0x61, 0x74, 0x74, 
    0x72, 0x69, 0x62, 0x73, 0x2E, 0x70, 0x6F, 0x73, 0x2C, 0x20, 0x32, 0x2C, 0x20, 0x67, 0x6C, 0x2E, 
    0x46, 0x4C, 0x4F, 0x41, 0x54, 0x2C, 0x20, 0x66, 0x61, 0x6C, 0x73, 0x65, 0x2C, 0x20, 0x56, 0x54, 
    0x58, 0x5F, 0x53, 0x49, 0x5A, 0x45, 0x2C, 0x20, 0x30, 0x29, 0x3B, 0x0D, 0x0A, 0x20, 0x20, 0x20, 
    0x20, 0x20, 0x20, 0x20, 0x20, 0x20, 0x20, 0x20, 0x20, 0x67, 0x6C, 0x2E, 0x65, 0x6E, 0x61, 0x62, 
    0x6C, 0x65, 0x56, 0x65, 0x72, 0x74, 0x65, 0x78, 0x41, 0x74, 0x74, 0x72, 0x69, 0x62, 0x41, 0x72, 
    0x72, 0x61, 0x79, 0x28, 0x61, 0x74, 0x74, 0x72, 0x69, 0x62, 0x73, 0x2E, 0x75, 0x76, 0x29, 0x3B, 
    0x0D, 0x0A, 0x20, 0x20, 0x20, 0x20, 0x20, 0x20, 0x20, 0x20, 0x20, 0x20, 0x20, 0x20, 0x67, 0x6C, 
    0x2E, 0x76, 0x65, 0x72, 0x74, 0x65, 0x78, 0x41, 0x74, 0x74, 0x72, 0x69, 0x62, 0x50, 0x6F, 0x69, 
    0x6E, 0x74, 0x65, 0x72, 0x28, 0x61, 0x74, 0x74, 0x72, 0x69, 0x62, 0x73, 0x2E, 0x75, 0x76, 0x2C, 
    0x20, 0x32, 0x2C, 0x20, 0x67, 0x6C, 0x2E, 0x46, 0x4C, 0x4F, 0x41, 0x54, 0x2C, 0x20, 0x66, 0x61, 
    0x6C, 0x73, 0x65, 0x2C, 0x20, 0x56, 0x54, 0x58, 0x5F, 0x53, 0x49, 0x5A, 0x45, 0x2C, 0x20, 0x38, 
    0x29, 0x3B, 0x0D, 0x0A, 0x20, 0x20, 0x20, 0x20, 0x20, 0x20, 0x20, 0x20, 0x20, 0x20, 0x20, 0x20, 
    0x67, 0x6C, 0x2E, 0x65, 0x6E, 0x61, 0x62, 0x6C, 0x65, 0x56, 0x65, 0x72, 0x74, 0x65, 0x78, 0x41, 
    0x74, 0x74, 0x72, 0x69, 0x62, 0x41, 0x72, 0x72, 0x61, 0x79, 0x28, 0x61, 0x74, 0x74, 0x72, 0x69, 
    0x62, 0x73, 0x2E, 0x63, 0x6F, 0x6C, 0x6F, 0x72, 0x29, 0x3B, 0x0D, 0x0A, 0x20, 0x20, 0x20, 0x20, 
    0x20, 0x20, 0x20, 0x20, 0x20, 0x20, 0x20, 0x20, 0x67, 0x6C, 0x2E, 0x76, 0x65, 0x72, 0x74, 0x65, 
    0x78, 0x41, 0x74, 0x74, 0x72, 0x69, 0x62, 0x50, 0x6F, 0x69, 0x6E, 0x74, 0x65, 0x72, 0x28, 0x61, 
    0x74, 0x74, 0x72, 0x69, 0x62, 0x73, 0x2E, 0x63, 0x6F, 0x6C, 0x6F, 0x72, 0x2C, 0x20, 0x34, 0x2C, 
    0x20, 0x67, 0x6C, 0x2E, 0x55, 0x4E, 0x53, 0x49, 0x47, 0x4E, 0x45, 0x44, 0x5F, 0x42, 0x59, 0x54, 
    0x45, 0x2C, 0x20, 0x74, 0x72, 0x75, 0x65, 0x2C, 0x20, 0x56, 0x54, 0x58, 0x5F, 0x53, 0x49, 0x5A, 
    0x45, 0x2C, 0x20, 0x31, 0x36, 0x29, 0x3B, 0x0D, 0x0A, 0x0D, 0x0A, 0x20, 0x20, 0x20, 0x20, 0x20, 
    0x20, 0x20, 0x20, 0x20, 0x20, 0x20, 0x20, 0x6C, 0x65, 0x74, 0x20, 0x69, 0x64, 0x78, 0x4F, 0x66, 
    0x66, 0x73, 0x65, 0x74, 0x20, 0x3D, 0x20, 0x30, 0x3B, 0x0D, 0x0A, 0x20, 0x20, 0x20, 0x20, 0x20, 
    0x20, 0x20, 0x20, 0x20, 0x20, 0x20, 0x20, 0x66, 0x6F, 0x72, 0x20, 0x28, 0x6C, 0x65, 0x74, 0x20, 
    0x69, 0x20, 0x3D, 0x20, 0x30, 0x3B, 0x20, 0x69, 0x20, 0x3C, 0x20, 0x74, 0x6F, 0x74, 0x61, 0x6C, 
    0x43, 0x6D, 0x64, 0x43, 0x6F, 0x75, 0x6E, 0x74, 0x3B, 0x20, 0x69, 0x2B, 0x2B, 0x29, 0x20, 0x7B, 
    0x0D, 0x0A, 0x20, 0x20, 0x20, 0x20, 0x20, 0x20, 0x20, 0x20, 0x20, 0x20, 0x20, 0x20, 0x20, 0x20, 
    0x20, 0x20, 0x63, 0x6F, 0x6E, 0x73, 0x74, 0x20, 0x65, 0x6C, 0x65, 0x6D, 0x43, 0x6F, 0x75, 0x6E, 
    0x74, 0x20, 0x3D, 0x20, 0x72, 0x65, 0x6E, 0x64, 0x65, 0x72, 0x56, 0x69, 0x65, 0x77, 0x2E, 0x67, 
    0x65, 0x74, 0x55, 0x69, 0x6E, 0x74, 0x33, 0x32, 0x28, 0x6F, 0x66, 0x66, 0x73, 0x65, 0x74, 0x2C, 
    0x20, 0x74, 0x72, 0x75, 0x65, 0x29, 0x3B, 0x0D, 0x0A, 0x20, 0x20, 0x20, 0x20, 0x20, 0x20, 0x20, 
    0x20, 0x20, 0x20, 0x20, 0x20, 0x20, 0x20, 0x20, 0x20, 0x63, 0x6F, 0x6E, 0x73, 0x74, 0x20, 0x63, 
    0x6C, 0x69, 0x70, 0x58, 0x20, 0x3D, 0x20, 0x72, 0x65, 0x6E, 0x64, 0x65, 0x72, 0x56, 0x69, 0x65, 
    0x77, 0x2E, 0x67, 0x65, 0x74, 0x46, 0x6C, 0x6F, 0x61, 0x74, 0x33, 0x32, 0x28, 0x6F, 0x66, 0x66, 
    0x73, 0x65, 0x74, 0x20, 0x2B, 0x20, 0x34, 0x2C, 0x20, 0x74, 0x72, 0x75, 0x65, 0x29, 0x3B, 0x0D, 
    0x0A, 0x20, 0x20, 0x20, 0x20, 0x20, 0x20, 0x20, 0x20, 0x20, 0x20, 0x20, 0x20, 0x20, 0x20, 0x20, 
    0x20, 0x63, 0x6F, 0x6E, 0x73, 0x74, 0x20, 0x63, 0x6C, 0x69, 0x70, 0x59, 0x20, 0x3D, 0x20, 0x72, 
    0x65, 0x6E, 0x64, 0x65, 0x72, 0x56, 0x69, 0x65, 0x77, 0x2E, 0x67, 0x65, 0x74, 0x46, 0x6C, 0x6F, 
    0x61, 0x74, 0x33, 0x32, 0x28, 0x6F, 0x66, 0x66, 0x73, 0x65, 0x74, 0x20, 0x2B, 0x20, 0x38, 0x2C, 
    0x20, 0x74, 0x72, 0x75, 0x65, 0x29, 0x3B, 0x0D, 0x0A, 0x20, 0x20, 0x20, 0x20, 0x20, 0x20, 0x20, 
    0x20, 0x20, 0x20, 0x20, 0x20, 0x20, 0x20, 0x20, 0x20, 0x63, 0x6F, 0x6E, 0x73, 0x74, 0x20, 0x63, 
    0x6C, 0x69, 0x70, 0x5A, 0x20, 0x3D, 0x20, 0x72, 0x65, 0x6E, 0x64, 0x65, 0x72, 0x56, 0x69, 0x65, 
    0x77, 0x2E, 0x67, 0x65, 0x74, 0x46, 0x6C, 0x6F, 0x61, 0x74, 0x33, 0x32, 0x28, 0x6F, 0x66, 0x66, 
    0x73, 0x65, 0x74, 0x20, 0x2B, 0x20, 0x31, 0x32, 0x2C, 0x20, 0x74, 0x72, 0x75, 0x65, 0x29, 0x3B, 
    0x0D, 0x0A, 0x20, 0x20, 0x20, 0x20, 0x20, 0x20, 0x20, 0x20, 0x20, 0x20, 0x20, 0x20, 0x20, 0x20, 
    0x20, 0x20, 0x63, 0x6F, 0x6E, 0x73, 0x74, 0x20, 0x63, 0x6C, 0x69, 0x70, 0x57, 0x20, 0x3D, 0x20, 
    0x72, 0x65, 0x6E, 0x64, 0x65, 0x72, 0x56, 0x69, 0x65, 0x77, 0x2E, 0x67, 0x65, 0x74, 0x46, 0x6C, 
    0x6F, 0x61, 0x74, 0x33, 0x32, 0x28, 0x6F, 0x66, 0x66, 0x73, 0x65, 0x74, 0x20, 0x2B, 0x20, 0x31, 
    0x36, 0x2C, 0x20, 0x74, 0x72, 0x75, 0x65, 0x29, 0x3B, 0x0D, 0x0A, 0x20, 0x20, 0x20, 0x20, 0x20, 
    0x20, 0x20, 0x20, 0x20, 0x20, 0x20, 0x20, 0x20, 0x20, 0x20, 0x20, 0x63, 0x6F, 0x6E, 0x73, 0x74, 
    0x20, 0x74, 0x65, 0x78, 0x74, 0x75, 0x72, 0x65, 0x49, 0x64, 0x20, 0x3D, 0x20, 0x72, 0x65, 0x6E, 
    0x64, 0x65, 0x72, 0x56, 0x69, 0x65, 0x77, 0x2E, 0x67, 0x65, 0x74, 0x55, 0x69, 0x6E, 0x74, 0x33, 
    0x32, 0x28, 0x6F, 0x66, 0x66, 0x73, 0x65, 0x74, 0x20, 0x2B, 0x20, 0x32, 0x30, 0x2C, 0x20, 0x74, 
    0x72, 0x75, 0x65, 0x29, 0x3B, 0x0D, 0x0A, 0x20, 0x20, 0x20, 0x20, 0x20, 0x20, 0x20, 0x20, 0x20, 
    0x20, 0x20, 0x20, 0x20, 0x20, 0x20, 0x20, 0x6F, 0x66, 0x66, 0x73, 0x65, 0x74, 0x20, 0x2B, 0x3D, 
    0x20, 0x32, 0x34, 0x3B, 0x0D, 0x0A, 0x0D, 0x0A, 0x20, 0x20, 0x20, 0x20, 0x20, 0x20, 0x20, 0x20, 
    0x20, 0x20, 0x20, 0x20, 0x20, 0x20, 0x20, 0x20, 0x67, 0x6C, 0x2E, 0x73, 0x63, 0x69, 0x73, 0x73, 
    0x6F, 0x72, 0x28, 0x63, 0x6C, 0x69, 0x70, 0x58, 0x2C, 0x20, 0x63, 0x61, 0x6E, 0x76, 0x61, 0x73, 
    0x2E, 0x68, 0x65, 0x69, 0x67, 0x68, 0x74, 0x20, 0x2D, 0x20, 0x63, 0x6C, 0x69, 0x70, 0x57, 0x2C, 
    0x20, 0x63, 0x6C, 0x69, 0x70, 0x5A, 0x20, 0x2D, 0x20, 0x63, 0x6C, 0x69, 0x70, 0x58, 0x2C, 0x20, 
    0x63, 0x6C, 0x69, 0x70, 0x57, 0x20, 0x2D, 0x20, 0x63, 0x6C, 0x69, 0x70, 0x59, 0x29, 0x3B, 0x0D, 
    0x0A, 0x0D, 0x0A, 0x20, 0x20, 0x20, 0x20, 0x20, 0x20, 0x20, 0x20, 0x20, 0x20, 0x20, 0x20, 0x20, 
    0x20, 0x20, 0x20, 0x63, 0x6F, 0x6E, 0x73, 0x74, 0x20, 0x63, 0x75, 0x72, 0x72, 0x65, 0x6E, 0x74, 
    0x54, 0x65, 0x78, 0x74, 0x75, 0x72, 0x65, 0x20, 0x3D, 0x20, 0x74, 0x65, 0x78, 0x74, 0x75, 0x72, 
    0x65, 0x73, 0x5B, 0x74, 0x65, 0x78, 0x74, 0x75, 0x72, 0x65, 0x49, 0x64, 0x5D, 0x3B, 0x0D, 0x0A, 
    0x20, 0x20, 0x20, 0x20, 0x20, 0x20, 0x20, 0x20, 0x20, 0x20, 0x20, 0x20, 0x20, 0x20, 0x20, 0x20, 
    0x69, 0x66, 0x20, 0x28, 0x63, 0x75, 0x72, 0x72, 0x65, 0x6E, 0x74, 0x54, 0x65, 0x78, 0x74, 0x75, 
    0x72, 0x65, 0x29, 0x20, 0x7B, 0x0D, 0x0A, 0x20, 0x20, 0x20, 0x20, 0x20, 0x20, 0x20, 0x20, 0x20, 
    0x20, 0x20, 0x20, 0x20, 0x20, 0x20, 0x20, 0x20, 0x20, 0x20, 0x20, 0x67, 0x6C, 0x2E, 0x62, 0x69, 
    0x6E, 0x64, 0x54, 0x65, 0x78, 0x74, 0x75, 0x72, 0x65, 0x28, 0x67, 0x6C, 0x2E, 0x54, 0x45, 0x58, 
    0x54, 0x55, 0x52, 0x45, 0x5F, 0x32, 0x44, 0x2C, 0x20, 0x63, 0x75, 0x72, 0x72, 0x65, 0x6E, 0x74, 
    0x54, 0x65, 0x78, 0x74, 0x75, 0x72, 0x65, 0x29, 0x3B, 0x0D, 0x0A, 0x20, 0x20, 0x20, 0x20, 0x20, 
    0x20, 0x20, 0x20, 0x20, 0x20, 0x20, 0x20, 0x20, 0x20, 0x20, 0x20, 0x7D, 0x20, 0x65, 0x6C, 0x73, 
    0x65, 0x20, 0x7B, 0x0D, 0x0A, 0x20, 0x20, 0x20, 0x20, 0x20, 0x20, 0x20, 0x20, 0x20, 0x20, 0x20, 
    0x20, 0x20, 0x20, 0x20, 0x20, 0x20, 0x20, 0x20, 0x20, 0x67, 0x6C, 0x2E, 0x62, 0x69, 0x6E, 0x64, 
    0x54, 0x65, 0x78, 0x74, 0x75, 0x72, 0x65, 0x28, 0x67, 0x6C, 0x2E, 0x54, 0x45, 0x58, 0x54, 0x55, 
    0x52, 0x45, 0x5F, 0x32, 0x44, 0x2C, 0x20, 0x6E, 0x75, 0x6C, 0x6C, 0x29, 0x3B, 0x0D, 0x0A, 0x20, 
    0x20, 0x20, 0x20, 0x20, 0x20, 0x20, 0x20, 0x20, 0x20, 0x20, 0x20, 0x20, 0x20, 0x20, 0x20, 0x7D, 
    0x0D, 0x0A, 0x0D, 0x0A, 0x20, 0x20, 0x20, 0x20, 0x20, 0x20, 0x20, 0x20, 0x20, 0x20, 0x20, 0x20, 
    0x20, 0x20, 0x20, 0x20, 0x2F, 0x2F, 0x20, 0x75, 0x73, 0x65, 0x20, 0x64, 0x79, 0x6E, 0x61, 0x6D, 
    0x69, 0x63, 0x20, 0x28, 0x67, 0x6C, 0x49, 0x6E, 0x64, 0x65, 0x78, 0x54, 0x79, 0x70, 0x65, 0x29, 
    0x2C, 0x20, 0x73, 0x69, 0x7A, 0x65, 0x20, 0x6D, 0x75, 0x6C, 0x74, 0x69, 0x70, 0x6C, 0x69, 0x65, 
    0x64, 0x20, 0x28, 0x69, 0x64, 0x78, 0x54, 0x79, 0x70, 0x65, 0x53, 0x69, 0x7A, 0x65, 0x29, 0x0D, 
    0x0A, 0x20, 0x20, 0x20, 0x20, 0x20, 0x20, 0x20, 0x20, 0x20, 0x20, 0x20, 0x20, 0x20, 0x20, 0x20, 
    0x20, 0x67, 0x6C, 0x2E, 0x64, 0x72, 0x61, 0x77, 0x45, 0x6C, 0x65, 0x6D, 0x65, 0x6E, 0x74, 0x73, 
    0x28, 0x67, 0x6C, 0x2E, 0x54, 0x52, 0x49, 0x41, 0x4E, 0x47, 0x4C, 0x45, 0x53, 0x2C, 0x20, 0x65, 
    0x6C, 0x65, 0x6D, 0x43, 0x6F, 0x75, 0x6E, 0x74, 0x2C, 0x20, 0x67, 0x6C, 0x49, 0x6E, 0x64, 0x65, 
    0x78, 0x54, 0x79, 0x70, 0x65, 0x2C, 0x20, 0x69, 0x64, 0x78, 0x4F, 0x66, 0x66, 0x73, 0x65, 0x74, 
    0x20, 0x2A, 0x20, 0x69, 0x64, 0x78, 0x54, 0x79, 0x70, 0x65, 0x53, 0x69, 0x7A, 0x65, 0x29, 0x3B, 
    0x0D, 0x0A, 0x20, 0x20, 0x20, 0x20, 0x20, 0x20, 0x20, 0x20, 0x20, 0x20, 0x20, 0x20, 0x20, 0x20, 
    0x20, 0x20, 0x69, 0x64, 0x78, 0x4F, 0x66, 0x66, 0x73, 0x65, 0x74, 0x20, 0x2B, 0x3D, 0x20, 0x65, 
    0x6C, 0x65, 0x6D, 0x43, 0x6F, 0x75, 0x6E, 0x74, 0x3B, 0x0D, 0x0A, 0x20, 0x20, 0x20, 0x20, 0x20, 
    0x20, 0x20, 0x20, 0x20, 0x20, 0x20, 0x20, 0x7D, 0x0D, 0x0A, 0x20, 0x20, 0x20, 0x20, 0x20, 0x20, 
    0x20, 0x20, 0x7D, 0x0D, 0x0A, 0x0D, 0x0A, 0x0D, 0x0A, 0x20, 0x20, 0x20, 0x20, 0x20, 0x20, 0x20, 
    0x20, 0x2F, 0x2F, 0x20, 0x4D, 0x6F, 0x75, 0x73, 0x65, 0x2F, 0x74, 0x6F, 0x75, 0x63, 0x68, 0x20, 
    0x70, 0x6F, 0x73, 0x0D, 0x0A, 0x20, 0x20, 0x20, 0x20, 0x20, 0x20, 0x20, 0x20, 0x66, 0x75, 0x6E, 
    0x63, 0x74, 0x69, 0x6F, 0x6E, 0x20, 0x67, 0x65, 0x74, 0x50, 0x6F, 0x73, 0x28, 0x65, 0x29, 0x20, 
    0x7B, 0x0D, 0x0A, 0x20, 0x20, 0x20, 0x20, 0x20, 0x20, 0x20, 0x20, 0x20, 0x20, 0x20, 0x20, 0x63, 
    0x6F, 0x6E, 0x73, 0x74, 0x20, 0x72, 0x65, 0x63, 0x74, 0x20, 0x3D, 0x20, 0x63, 0x61, 0x6E, 0x76, 
    0x61, 0x73, 0x2E, 0x67, 0x65, 0x74, 0x42, 0x6F, 0x75, 0x6E, 0x64, 0x69, 0x6E, 0x67, 0x43, 0x6C, 
    0x69, 0x65, 0x6E, 0x74, 0x52, 0x65, 0x63, 0x74, 0x28, 0x29, 0x3B, 0x0D, 0x0A, 0x20, 0x20, 0x20, 
    0x20, 0x20, 0x20, 0x20, 0x20, 0x20, 0x20, 0x20, 0x20, 0x63, 0x6F, 0x6E, 0x73, 0x74, 0x20, 0x63, 
    0x6C, 0x69, 0x65, 0x6E, 0x74, 0x58, 0x20, 0x3D, 0x20, 0x65, 0x2E, 0x74, 0x6F, 0x75, 0x63, 0x68, 
    0x65, 0x73, 0x20, 0x3F, 0x20, 0x65, 0x2E, 0x74, 0x6F, 0x75, 0x63, 0x68, 0x65, 0x73, 0x5B, 0x30, 
    0x5D, 0x2E, 0x63, 0x6C, 0x69, 0x65, 0x6E, 0x74, 0x58, 0x20, 0x3A, 0x20, 0x65, 0x2E, 0x63, 0x6C, 
    0x69, 0x65, 0x6E, 0x74, 0x58, 0x3B, 0x0D, 0x0A, 0x20, 0x20, 0x20, 0x20, 0x20, 0x20, 0x20, 0x20, 
    0x20, 0x20, 0x20, 0x20, 0x63, 0x6F, 0x6E, 0x73, 0x74, 0x20, 0x63, 0x6C, 0x69, 0x65, 0x6E, 0x74, 
    0x59, 0x20, 0x3D, 0x20, 0x65, 0x2E, 0x74, 0x6F, 0x75, 0x63, 0x68, 0x65, 0x73, 0x20, 0x3F, 0x20, 
    0x65, 0x2E, 0x74, 0x6F, 0x75, 0x63, 0x68, 0x65, 0x73, 0x5B, 0x30, 0x5D, 0x2E, 0x63, 0x6C, 0x69, 
    0x65, 0x6E, 0x74, 0x59, 0x20, 0x3A, 0x20, 0x65, 0x2E, 0x63, 0x6C, 0x69, 0x65, 0x6E, 0x74, 0x59, 
    0x3B, 0x0D, 0x0A, 0x20, 0x20, 0x20, 0x20, 0x20, 0x20, 0x20, 0x20, 0x20, 0x20, 0x20, 0x20, 0x72, 
    0x65, 0x74, 0x75, 0x72, 0x6E, 0x20, 0x7B, 0x20, 0x78, 0x3A, 0x20, 0x63, 0x6C, 0x69, 0x65, 0x6E, 
    0x74, 0x58, 0x20, 0x2D, 0x20, 0x72, 0x65, 0x63, 0x74, 0x2E, 0x6C, 0x65, 0x66, 0x74, 0x2C, 0x20, 
    0x79, 0x3A, 0x20, 0x63, 0x6C, 0x69, 0x65, 0x6E, 0x74, 0x59, 0x20, 0x2D, 0x20, 0x72, 0x65, 0x63, 
    0x74, 0x2E, 0x74, 0x6F, 0x70, 0x20, 0x7D, 0x3B, 0x0D, 0x0A, 0x20, 0x20, 0x20, 0x20, 0x20, 0x20, 
    0x20, 0x20, 0x7D, 0x0D, 0x0A, 0x0D, 0x0A, 0x20, 0x20, 0x20, 0x20, 0x20, 0x20, 0x20, 0x20, 0x2F, 
    0x2F, 0x20, 0x4D, 0x6F, 0x75, 0x73, 0x65, 0x20, 0x65, 0x76, 0x65, 0x6E, 0x74, 0x20, 0x68, 0x61, 
    0x6E, 0x64, 0x6C, 0x65, 0x72, 0x20, 0x6F, 0x6E, 0x20, 0x77, 0x69, 0x6E, 0x64, 0x6F, 0x77, 0x0D, 
    0x0A, 0x20, 0x20, 0x20, 0x20, 0x20, 0x20, 0x20, 0x20, 0x77, 0x69, 0x6E, 0x64, 0x6F, 0x77, 0x2E, 
    0x61, 0x64, 0x64, 0x45, 0x76, 0x65, 0x6E, 0x74, 0x4C, 0x69, 0x73, 0x74, 0x65, 0x6E, 0x65, 0x72, 
    0x28, 0x22, 0x6D, 0x6F, 0x75, 0x73, 0x65, 0x6D, 0x6F, 0x76, 0x65, 0x22, 0x2C, 0x20, 0x28, 0x65, 
    0x29, 0x20, 0x3D, 0x3E, 0x20, 0x7B, 0x0D, 0x0A, 0x20, 0x20, 0x20, 0x20, 0x20, 0x20, 0x20, 0x20, 
    0x20, 0x20, 0x20, 0x20, 0x69, 0x66, 0x20, 0x28, 0x73, 0x6F, 0x63, 0x6B, 0x65, 0x74, 0x2E, 0x72, 
    0x65, 0x61, 0x64, 0x79, 0x53, 0x74, 0x61, 0x74, 0x65, 0x20, 0x3D, 0x3D, 0x3D, 0x20, 0x57, 0x65, 
    0x62, 0x53, 0x6F, 0x63, 0x6B, 0x65, 0x74, 0x2E, 0x4F, 0x50, 0x45, 0x4E, 0x29, 0x20, 0x7B, 0x0D, 
    0x0A, 0x20, 0x20, 0x20, 0x20, 0x20, 0x20, 0x20, 0x20, 0x20, 0x20, 0x20, 0x20, 0x20, 0x20, 0x20, 
    0x20, 0x63, 0x6F, 0x6E, 0x73, 0x74, 0x20, 0x70, 0x6F, 0x73, 0x20, 0x3D, 0x20, 0x67, 0x65, 0x74, 
    0x50, 0x6F, 0x73, 0x28, 0x65, 0x29, 0x3B, 0x0D, 0x0A, 0x20, 0x20, 0x20, 0x20, 0x20, 0x20, 0x20, 
    0x20, 0x20, 0x20, 0x20, 0x20, 0x20, 0x20, 0x20, 0x20, 0x73, 0x6F, 0x63, 0x6B, 0x65, 0x74, 0x2E, 
    0x73, 0x65, 0x6E, 0x64, 0x28, 0x4A, 0x53, 0x4F, 0x4E, 0x2E, 0x73, 0x74, 0x72, 0x69, 0x6E, 0x67, 
    0x69, 0x66, 0x79, 0x28, 0x7B, 0x20, 0x74, 0x79, 0x70, 0x65, 0x3A, 0x20, 0x22, 0x6D, 0x6F, 0x75, 
    0x73, 0x65, 0x6D, 0x6F, 0x76, 0x65, 0x22, 0x2C, 0x20, 0x73, 0x6F, 0x75, 0x72, 0x63, 0x65, 0x3A, 
    0x20, 0x22, 0x6D, 0x6F, 0x75, 0x73, 0x65, 0x22, 0x2C, 0x20, 0x78, 0x3A, 0x20, 0x70, 0x6F, 0x73, 
    0x2E, 0x78, 0x2C, 0x20, 0x79, 0x3A, 0x20, 0x70, 0x6F, 0x73, 0x2E, 0x79, 0x20, 0x7D, 0x29, 0x29, 
    0x3B, 0x0D, 0x0A, 0x20, 0x20, 0x20, 0x20, 0x20, 0x20, 0x20, 0x20, 0x20, 0x20, 0x20, 0x20, 0x7D, 
    0x0D, 0x0A, 0x20, 0x20, 0x20, 0x20, 0x20, 0x20, 0x20, 0x20, 0x7D, 0x29, 0x3B, 0x0D, 0x0A, 0x0D, 
    0x0A, 0x20, 0x20, 0x20, 0x20, 0x20, 0x20, 0x20, 0x20, 0x63, 0x61, 0x6E, 0x76, 0x61, 0x73, 0x2E, 
    0x61, 0x64, 0x64, 0x45, 0x76, 0x65, 0x6E, 0x74, 0x4C, 0x69, 0x73, 0x74, 0x65, 0x6E, 0x65, 0x72, 
    0x28, 0x22, 0x6D, 0x6F, 0x75, 0x73, 0x65, 0x64, 0x6F, 0x77, 0x6E, 0x22, 0x2C, 0x20, 0x28, 0x65, 
    0x29, 0x20, 0x3D, 0x3E, 0x20, 0x7B, 0x0D, 0x0A, 0x20, 0x20, 0x20, 0x20, 0x20, 0x20, 0x20, 0x20, 
    0x20, 0x20, 0x20, 0x20, 0x69, 0x66, 0x20, 0x28, 0x73, 0x6F, 0x63, 0x6B, 0x65, 0x74, 0x2E, 0x72, 
    0x65, 0x61, 0x64, 0x79, 0x53, 0x74, 0x61, 0x74, 0x65, 0x20, 0x3D, 0x3D, 0x3D, 0x20, 0x57, 0x65, 
    0x62, 0x53, 0x6F, 0x63, 0x6B, 0x65, 0x74, 0x2E, 0x4F, 0x50, 0x45, 0x4E, 0x29, 0x20, 0x7B, 0x0D, 
    0x0A, 0x20, 0x20, 0x20, 0x20, 0x20, 0x20, 0x20, 0x20, 0x20, 0x20, 0x20, 0x20, 0x20, 0x20, 0x20, 
    0x20, 0x73, 0x6F, 0x63, 0x6B, 0x65, 0x74, 0x2E, 0x73, 0x65, 0x6E, 0x64, 0x28, 0x4A, 0x53, 0x4F, 
    0x4E, 0x2E, 0x73, 0x74, 0x72, 0x69, 0x6E, 0x67, 0x69, 0x66, 0x79, 0x28, 0x7B, 0x20, 0x74, 0x79, 
    0x70, 0x65, 0x3A, 0x20, 0x22, 0x6D, 0x6F, 0x75, 0x73, 0x65, 0x64, 0x6F, 0x77, 0x6E, 0x22, 0x2C, 
    0x20, 0x62, 0x75, 0x74, 0x74, 0x6F, 0x6E, 0x3A, 0x20, 0x65, 0x2E, 0x62, 0x75, 0x74, 0x74, 0x6F, 
    0x6E, 0x20, 0x7D, 0x29, 0x29, 0x3B, 0x0D, 0x0A, 0x20, 0x20, 0x20, 0x20, 0x20, 0x20, 0x20, 0x20, 
    0x20, 0x20, 0x20, 0x20, 0x7D, 0x0D, 0x0A, 0x20, 0x20, 0x20, 0x20, 0x20, 0x20, 0x20, 0x20, 0x7D, 
    0x29, 0x3B, 0x0D, 0x0A, 0x0D, 0x0A, 0x20, 0x20, 0x20, 0x20, 0x20, 0x20, 0x20, 0x20, 0x77, 0x69, 
    0x6E, 0x64, 0x6F, 0x77, 0x2E, 0x61, 0x64, 0x64, 0x45, 0x76, 0x65, 0x6E, 0x74, 0x4C, 0x69, 0x73, 
    0x74, 0x65, 0x6E, 0x65, 0x72, 0x28, 0x22, 0x6D, 0x6F, 0x75, 0x73, 0x65, 0x75, 0x70, 0x22, 0x2C, 
    0x20, 0x28, 0x65, 0x29, 0x20, 0x3D, 0x3E, 0x20, 0x7B, 0x0D, 0x0A, 0x20, 0x20, 0x20, 0x20, 0x20, 
    0x20, 0x20, 0x20, 0x20, 0x20, 0x20, 0x20, 0x69, 0x66, 0x20, 0x28, 0x73, 0x6F, 0x63, 0x6B, 0x65, 
    0x74, 0x2E, 0x72, 0x65, 0x61, 0x64, 0x79, 0x53, 0x74, 0x61, 0x74, 0x65, 0x20, 0x3D, 0x3D, 0x3D, 
    0x20, 0x57, 0x65, 0x62, 0x53, 0x6F, 0x63, 0x6B, 0x65, 0x74, 0x2E, 0x4F, 0x50, 0x45, 0x4E, 0x29, 
    0x20, 0x7B, 0x0D, 0x0A, 0x20, 0x20, 0x20, 0x20, 0x20, 0x20, 0x20, 0x20, 0x20, 0x20, 0x20, 0x20, 
    0x20, 0x20, 0x20, 0x20, 0x73, 0x6F, 0x63, 0x6B, 0x65, 0x74, 0x2E, 0x73, 0x65, 0x6E, 0x64, 0x28, 
    0x4A, 0x53, 0x4F, 0x4E, 0x2E, 0x73, 0x74, 0x72, 0x69, 0x6E, 0x67, 0x69, 0x66, 0x79, 0x28, 0x7B, 
    0x20, 0x74, 0x79, 0x70, 0x65, 0x3A, 0x20, 0x22, 0x6D, 0x6F, 0x75, 0x73, 0x65, 0x75, 0x70, 0x22, 
    0x2C, 0x20, 0x62, 0x75, 0x74, 0x74, 0x6F, 0x6E, 0x3A, 0x20, 0x65, 0x2E, 0x62, 0x75, 0x74, 0x74, 
    0x6F, 0x6E, 0x20, 0x7D, 0x29, 0x29, 0x3B, 0x0D, 0x0A, 0x20, 0x20, 0x20, 0x20, 0x20, 0x20, 0x20, 
    0x20, 0x20, 0x20, 0x20, 0x20, 0x7D, 0x0D, 0x0A, 0x20, 0x20, 0x20, 0x20, 0x20, 0x20, 0x20, 0x20, 
    0x7D, 0x29, 0x3B, 0x0D, 0x0A, 0x0D, 0x0A, 0x20, 0x20, 0x20, 0x20, 0x20, 0x20, 0x20, 0x20, 0x2F, 
    0x2F, 0x20, 0x74, 0x6F, 0x75, 0x63, 0x68, 0x20, 0x69, 0x6E, 0x70, 0x75, 0x74, 0x20, 0x66, 0x6F, 
    0x72, 0x20, 0x6D, 0x6F, 0x62, 0x69, 0x6C, 0x65, 0x20, 0x64, 0x65, 0x76, 0x69, 0x63, 0x65, 0x73, 
    0x0D, 0x0A, 0x20, 0x20, 0x20, 0x20, 0x20, 0x20, 0x20, 0x20, 0x63, 0x61, 0x6E, 0x76, 0x61, 0x73, 
    0x2E, 0x61, 0x64, 0x64, 0x45, 0x76, 0x65, 0x6E, 0x74, 0x4C, 0x69, 0x73, 0x74, 0x65, 0x6E, 0x65, 
    0x72, 0x28, 0x22, 0x74, 0x6F, 0x75, 0x63, 0x68, 0x73, 0x74, 0x61, 0x72, 0x74, 0x22, 0x2C, 0x20, 
    0x28, 0x65, 0x29, 0x20, 0x3D, 0x3E, 0x20, 0x7B, 0x0D, 0x0A, 0x20, 0x20, 0x20, 0x20, 0x20, 0x20, 
    0x20, 0x20, 0x20, 0x20, 0x20, 0x20, 0x69, 0x66, 0x20, 0x28, 0x73, 0x6F, 0x63, 0x6B, 0x65, 0x74, 
    0x2E, 0x72, 0x65, 0x61, 0x64, 0x79, 0x53, 0x74, 0x61, 0x74, 0x65, 0x20, 0x3D, 0x3D, 0x3D, 0x20, 
    0x57, 0x65, 0x62, 0x53, 0x6F, 0x63, 0x6B, 0x65, 0x74, 0x2E, 0x4F, 0x50, 0x45, 0x4E, 0x20, 0x26, 
    0x26, 0x20, 0x65, 0x2E, 0x74, 0x6F, 0x75, 0x63, 0x68, 0x65, 0x73, 0x2E, 0x6C, 0x65, 0x6E, 0x67, 
    0x74, 0x68, 0x20, 0x3E, 0x20, 0x30, 0x29, 0x20, 0x7B, 0x0D, 0x0A, 0x20, 0x20, 0x20, 0x20, 0x20, 
    0x20, 0x20, 0x20, 0x20, 0x20, 0x20, 0x20, 0x20, 0x20, 0x20, 0x20, 0x63, 0x6F, 0x6E, 0x73, 0x74, 
    0x20, 0x70, 0x6F, 0x73, 0x20, 0x3D, 0x20, 0x67, 0x65, 0x74, 0x50, 0x6F, 0x73, 0x28, 0x65, 0x29, 
    0x3B, 0x0D, 0x0A, 0x20, 0x20, 0x20, 0x20, 0x20, 0x20, 0x20, 0x20, 0x20, 0x20, 0x20, 0x20, 0x20, 
    0x20, 0x20, 0x20, 0x73, 0x6F, 0x63, 0x6B, 0x65, 0x74, 0x2E, 0x73, 0x65, 0x6E, 0x64, 0x28, 0x4A, 
    0x53, 0x4F, 0x4E, 0x2E, 0x73, 0x74, 0x72, 0x69, 0x6E, 0x67, 0x69, 0x66, 0x79, 0x28, 0x7B, 0x20, 
    0x74, 0x79, 0x70, 0x65, 0x3A, 0x20, 0x22, 0x6D, 0x6F, 0x75, 0x73, 0x65, 0x6D, 0x6F, 0x76, 0x65, 
    0x22, 0x2C, 0x20, 0x73, 0x6F, 0x75, 0x72, 0x63, 0x65, 0x3A, 0x20, 0x22, 0x74, 0x6F, 0x75, 0x63, 
    0x68, 0x22, 0x2C, 0x20, 0x78, 0x3A, 0x20, 0x70, 0x6F, 0x73, 0x2E, 0x78, 0x2C, 0x20, 0x79, 0x3A, 
    0x20, 0x70, 0x6F, 0x73, 0x2E, 0x79, 0x20, 0x7D, 0x29, 0x29, 0x3B, 0x0D, 0x0A, 0x20, 0x20, 0x20, 
    0x20, 0x20, 0x20, 0x20, 0x20, 0x20, 0x20, 0x20, 0x20, 0x20, 0x20, 0x20, 0x20, 0x73, 0x6F, 0x63, 
    0x6B, 0x65, 0x74, 0x2E, 0x73, 0x65, 0x6E, 0x64, 0x28, 0x4A, 0x53, 0x4F, 0x4E, 0x2E, 0x73, 0x74, 
    0x72, 0x69, 0x6E, 0x67, 0x69, 0x66, 0x79, 0x28, 0x7B, 0x20, 0x74, 0x79, 0x70, 0x65, 0x3A, 0x20, 
    0x22, 0x6D, 0x6F, 0x75, 0x73, 0x65, 0x64, 0x6F, 0x77, 0x6E, 0x22, 0x2C, 0x20, 0x62, 0x75, 0x74, 
    0x74, 0x6F, 0x6E, 0x3A, 0x20, 0x30, 0x20, 0x7D, 0x29, 0x29, 0x3B, 0x0D, 0x0A, 0x20, 0x20, 0x20, 
    0x20, 0x20, 0x20, 0x20, 0x20, 0x20, 0x20, 0x20, 0x20, 0x7D, 0x0D, 0x0A, 0x20, 0x20, 0x20, 0x20, 
    0x20, 0x20, 0x20, 0x20, 0x7D, 0x29, 0x3B, 0x0D, 0x0A, 0x0D, 0x0A, 0x20, 0x20, 0x20, 0x20, 0x20, 
    0x20, 0x20, 0x20, 0x63, 0x61, 0x6E, 0x76, 0x61, 0x73, 0x2E, 0x61, 0x64, 0x64, 0x45, 0x76, 0x65, 
    0x6E, 0x74, 0x4C, 0x69, 0x73, 0x74, 0x65, 0x6E, 0x65, 0x72, 0x28, 0x22, 0x74, 0x6F, 0x75, 0x63, 
    0x68, 0x6D, 0x6F, 0x76, 0x65, 0x22, 0x2C, 0x20, 0x28, 0x65, 0x29, 0x20, 0x3D, 0x3E, 0x20, 0x7B, 
    0x0D, 0x0A, 0x20, 0x20, 0x20, 0x20, 0x20, 0x20, 0x20, 0x20, 0x20, 0x20, 0x20, 0x20, 0x69, 0x66, 
    0x20, 0x28, 0x73, 0x6F, 0x63, 0x6B, 0x65, 0x74, 0x2E, 0x72, 0x65, 0x61, 0x64, 0x79, 0x53, 0x74, 
    0x61, 0x74, 0x65, 0x20, 0x3D, 0x3D, 0x3D, 0x20, 0x57, 0x65, 0x62, 0x53, 0x6F, 0x63, 0x6B, 0x65, 
    0x74, 0x2E, 0x4F, 0x50, 0x45, 0x4E, 0x20, 0x26, 0x26, 0x20, 0x65, 0x2E, 0x74, 0x6F, 0x75, 0x63, 
    0x68, 0x65, 0x73, 0x2E, 0x6C, 0x65, 0x6E, 0x67, 0x74, 0x68, 0x20, 0x3E, 0x20, 0x30, 0x29, 0x20, 
    0x7B, 0x0D, 0x0A, 0x20, 0x20, 0x20, 0x20, 0x20, 0x20, 0x20, 0x20, 0x20, 0x20, 0x20, 0x20, 0x20, 
    0x20, 0x20, 0x20, 0x63, 0x6F, 0x6E, 0x73, 0x74, 0x20, 0x70, 0x6F, 0x73, 0x20, 0x3D, 0x20, 0x67, 
    0x65, 0x74, 0x50, 0x6F, 0x73, 0x28, 0x65, 0x29, 0x3B, 0x0D, 0x0A, 0x20, 0x20, 0x20, 0x20, 0x20, 
    0x20, 0x20, 0x20, 0x20, 0x20, 0x20, 0x20, 0x20, 0x20, 0x20, 0x20, 0x73, 0x6F, 0x63, 0x6B, 0x65, 
    0x74, 0x2E, 0x73, 0x65, 0x6E, 0x64, 0x28, 0x4A, 0x53, 0x4F, 0x4E, 0x2E, 0x73, 0x74, 0x72, 0x69, 
    0x6E, 0x67, 0x69, 0x66, 0x79, 0x28, 0x7B, 0x20, 0x74, 0x79, 0x70, 0x65, 0x3A, 0x20, 0x22, 0x6D, 
    0x6F, 0x75, 0x73, 0x65, 0x6D, 0x6F, 0x76, 0x65, 0x22, 0x2C, 0x20, 0x73, 0x6F, 0x75, 0x72, 0x63, 
    0x65, 0x3A, 0x20, 0x22, 0x74, 0x6F, 0x75, 0x63, 0x68, 0x22, 0x2C, 0x20, 0x78, 0x3A, 0x20, 0x70, 
    0x6F, 0x73, 0x2E, 0x78, 0x2C, 0x20, 0x79, 0x3A, 0x20, 0x70, 0x6F, 0x73, 0x2E, 0x79, 0x20, 0x7D, 
    0x29, 0x29, 0x3B, 0x0D, 0x0A, 0x20, 0x20, 0x20, 0x20, 0x20, 0x20, 0x20, 0x20, 0x20, 0x20, 0x20, 
    0x20, 0x7D, 0x0D, 0x0A, 0x20, 0x20, 0x20, 0x20, 0x20, 0x20, 0x20, 0x20, 0x7D, 0x29, 0x3B, 0x0D, 
    0x0A, 0x0D, 0x0A, 0x20, 0x20, 0x20, 0x20, 0x20, 0x20, 0x20, 0x20, 0x63, 0x61, 0x6E, 0x76, 0x61, 
    0x73, 0x2E, 0x61, 0x64, 0x64, 0x45, 0x76, 0x65, 0x6E, 0x74, 0x4C, 0x69, 0x73, 0x74, 0x65, 0x6E, 
    0x65, 0x72, 0x28, 0x22, 0x74, 0x6F, 0x75, 0x63, 0x68, 0x65, 0x6E, 0x64, 0x22, 0x2C, 0x20, 0x28, 
    0x65, 0x29, 0x20, 0x3D, 0x3E, 0x20, 0x7B, 0x0D, 0x0A, 0x20, 0x20, 0x20, 0x20, 0x20, 0x20, 0x20, 
    0x20, 0x20, 0x20, 0x20, 0x20, 0x69, 0x66, 0x20, 0x28, 0x73, 0x6F, 0x63, 0x6B, 0x65, 0x74, 0x2E, 
    0x72, 0x65, 0x61, 0x64, 0x79, 0x53, 0x74, 0x61, 0x74, 0x65, 0x20, 0x3D, 0x3D, 0x3D, 0x20, 0x57, 
    0x65, 0x62, 0x53, 0x6F, 0x63, 0x6B, 0x65, 0x74, 0x2E, 0x4F, 0x50, 0x45, 0x4E, 0x29, 0x20, 0x7B, 
    0x0D, 0x0A, 0x20, 0x20, 0x20, 0x20, 0x20, 0x20, 0x20, 0x20, 0x20, 0x20, 0x20, 0x20, 0x20, 0x20, 
    0x20, 0x20, 0x73, 0x6F, 0x63, 0x6B, 0x65, 0x74, 0x2E, 0x73, 0x65, 0x6E, 0x64, 0x28, 0x4A, 0x53, 
    0x4F, 0x4E, 0x2E, 0x73, 0x74, 0x72, 0x69, 0x6E, 0x67, 0x69, 0x66, 0x79, 0x28, 0x7B, 0x20, 0x74, 
    0x79, 0x70, 0x65, 0x3A, 0x20, 0x22, 0x6D, 0x6F, 0x75, 0x73, 0x65, 0x75, 0x70, 0x22, 0x2C, 0x20, 
    0x62, 0x75, 0x74, 0x74, 0x6F, 0x6E, 0x3A, 0x20, 0x30, 0x20, 0x7D, 0x29, 0x29, 0x3B, 0x0D, 0x0A, 
    0x20, 0x20, 0x20, 0x20, 0x20, 0x20, 0x20, 0x20, 0x20, 0x20, 0x20, 0x20, 0x7D, 0x0D, 0x0A, 0x20, 
    0x20, 0x20, 0x20, 0x20, 0x20, 0x20, 0x20, 0x7D, 0x29, 0x3B, 0x0D, 0x0A, 0x0D, 0x0A, 0x20, 0x20, 
    0x20, 0x20, 0x20, 0x20, 0x20, 0x20, 0x2F, 0x2F, 0x20, 0x4D, 0x6F, 0x75, 0x73, 0x65, 0x20, 0x73, 
    0x63, 0x72, 0x6F, 0x6C, 0x6C, 0x0D, 0x0A, 0x20, 0x20, 0x20, 0x20, 0x20, 0x20, 0x20, 0x20, 0x77, 
    0x69, 0x6E, 0x64, 0x6F, 0x77, 0x2E, 0x61, 0x64, 0x64, 0x45, 0x76, 0x65, 0x6E, 0x74, 0x4C, 0x69, 
    0x73, 0x74, 0x65, 0x6E, 0x65, 0x72, 0x28, 0x22, 0x77, 0x68, 0x65, 0x65, 0x6C, 0x22, 0x2C, 0x20, 
    0x28, 0x65, 0x29, 0x20, 0x3D, 0x3E, 0x20, 0x7B, 0x0D, 0x0A, 0x20, 0x20, 0x20, 0x20, 0x20, 0x20, 
    0x20, 0x20, 0x20, 0x20, 0x20, 0x20, 0x69, 0x66, 0x20, 0x28, 0x73, 0x6F, 0x63, 0x6B, 0x65, 0x74, 
    0x2E, 0x72, 0x65, 0x61, 0x64, 0x79, 0x53, 0x74, 0x61, 0x74, 0x65, 0x20, 0x3D, 0x3D, 0x3D, 0x20, 
    0x57, 0x65, 0x62, 0x53, 0x6F, 0x63, 0x6B, 0x65, 0x74, 0x2E, 0x4F, 0x50, 0x45, 0x4E, 0x29, 0x20, 
    0x7B, 0x0D, 0x0A, 0x20, 0x20, 0x20, 0x20, 0x20, 0x20, 0x20, 0x20, 0x20, 0x20, 0x20, 0x20, 0x20, 
    0x20, 0x20, 0x20, 0x63, 0x6F, 0x6E, 0x73, 0x74, 0x20, 0x77, 0x68, 0x65, 0x65, 0x6C, 0x59, 0x20, 
    0x3D, 0x20, 0x2D, 0x65, 0x2E, 0x64, 0x65, 0x6C, 0x74, 0x61, 0x59, 0x20, 0x2F, 0x20, 0x31, 0x30, 
    0x30, 0x3B, 0x0D, 0x0A, 0x20, 0x20, 0x20, 0x20, 0x20, 0x20, 0x20, 0x20, 0x20, 0x20, 0x20, 0x20, 
    0x20, 0x20, 0x20, 0x20, 0x63, 0x6F, 0x6E, 0x73, 0x74, 0x20, 0x77, 0x68, 0x65, 0x65, 0x6C, 0x58, 
    0x20, 0x3D, 0x20, 0x65, 0x2E, 0x64, 0x65, 0x6C, 0x74, 0x61, 0x58, 0x20, 0x2F, 0x20, 0x31, 0x30, 
    0x30, 0x3B, 0x0D, 0x0A, 0x20, 0x20, 0x20, 0x20, 0x20, 0x20, 0x20, 0x20, 0x20, 0x20, 0x20, 0x20, 
    0x20, 0x20, 0x20, 0x20, 0x73, 0x6F, 0x63, 0x6B, 0x65, 0x74, 0x2E, 0x73, 0x65, 0x6E, 0x64, 0x28, 
    0x4A, 0x53, 0x4F, 0x4E, 0x2E, 0x73, 0x74, 0x72, 0x69, 0x6E, 0x67, 0x69, 0x66, 0x79, 0x28, 0x7B, 
    0x20, 0x74, 0x79, 0x70, 0x65, 0x3A, 0x20, 0x22, 0x77, 0x68, 0x65, 0x65, 0x6C, 0x22, 0x2C, 0x20, 
    0x78, 0x3A, 0x20, 0x77, 0x68, 0x65, 0x65, 0x6C, 0x58, 0x2C, 0x20, 0x79, 0x3A, 0x20, 0x77, 0x68, 
    0x65, 0x65, 0x6C, 0x59, 0x20, 0x7D, 0x29, 0x29, 0x3B, 0x0D, 0x0A, 0x20, 0x20, 0x20, 0x20, 0x20, 
    0x20, 0x20, 0x20, 0x20, 0x20, 0x20, 0x20, 0x7D, 0x0D, 0x0A, 0x20, 0x20, 0x20, 0x20, 0x20, 0x20, 
    0x20, 0x20, 0x7D, 0x2C, 0x20, 0x7B, 0x20, 0x70, 0x61, 0x73, 0x73, 0x69, 0x76, 0x65, 0x3A, 0x20, 
    0x66, 0x61, 0x6C, 0x73, 0x65, 0x20, 0x7D, 0x29, 0x3B, 0x0D, 0x0A, 0x20, 0x20, 0x20, 0x20, 0x20, 
    0x20, 0x20, 0x20, 0x2F, 0x2F, 0x20, 0x53, 0x69, 0x6E, 0x67, 0x6C, 0x65, 0x20, 0x62, 0x61, 0x63, 
    0x6B, 0x73, 0x70, 0x61, 0x63, 0x65, 0x20, 0x70, 0x72, 0x65, 0x73, 0x73, 0x0D, 0x0A, 0x20, 0x20, 
    0x20, 0x20, 0x20, 0x20, 0x20, 0x20, 0x66, 0x75, 0x6E, 0x63, 0x74, 0x69, 0x6F, 0x6E, 0x20, 0x73, 
    0x65, 0x6E, 0x64, 0x42, 0x61, 0x63, 0x6B, 0x73, 0x70, 0x61, 0x63, 0x65, 0x28, 0x29, 0x20, 0x7B, 
    0x0D, 0x0A, 0x20, 0x20, 0x20, 0x20, 0x20, 0x20, 0x20, 0x20, 0x20, 0x20, 0x20, 0x20, 0x69, 0x66, 
    0x20, 0x28, 0x73, 0x6F, 0x63, 0x6B, 0x65, 0x74, 0x2E, 0x72, 0x65, 0x61, 0x64, 0x79, 0x53, 0x74, 
    0x61, 0x74, 0x65, 0x20, 0x3D, 0x3D, 0x3D, 0x20, 0x57, 0x65, 0x62, 0x53, 0x6F, 0x63, 0x6B, 0x65, 
    0x74, 0x2E, 0x4F, 0x50, 0x45, 0x4E, 0x29, 0x20, 0x7B, 0x0D, 0x0A, 0x20, 0x20, 0x20, 0x20, 0x20, 
    0x20, 0x20, 0x20, 0x20, 0x20, 0x20, 0x20, 0x20, 0x20, 0x20, 0x20, 0x73, 0x6F, 0x63, 0x6B, 0x65, 
    0x74, 0x2E, 0x73, 0x65, 0x6E, 0x64, 0x28, 0x4A, 0x53, 0x4F, 0x4E, 0x2E, 0x73, 0x74, 0x72, 0x69, 
    0x6E, 0x67, 0x69, 0x66, 0x79, 0x28, 0x7B, 0x20, 0x74, 0x79, 0x70, 0x65, 0x3A, 0x20, 0x22, 0x6B, 
    0x65, 0x79, 0x64, 0x6F, 0x77, 0x6E, 0x22, 0x2C, 0x20, 0x6B, 0x65, 0x79, 0x53, 0x74, 0x72, 0x3A, 
    0x20, 0x22, 0x42, 0x61, 0x63, 0x6B, 0x73, 0x70, 0x61, 0x63, 0x65, 0x22, 0x20, 0x7D, 0x29, 0x29, 
    0x3B, 0x0D, 0x0A, 0x20, 0x20, 0x20, 0x20, 0x20, 0x20, 0x20, 0x20, 0x20, 0x20, 0x20, 0x20, 0x20, 
    0x20, 0x20, 0x20, 0x73, 0x6F, 0x63, 0x6B, 0x65, 0x74, 0x2E, 0x73, 0x65, 0x6E, 0x64, 0x28, 0x4A, 
    0x53, 0x4F, 0x4E, 0x2E, 0x73, 0x74, 0x72, 0x69, 0x6E, 0x67, 0x69, 0x66, 0x79, 0x28, 0x7B, 0x20, 
    0x74, 0x79, 0x70, 0x65, 0x3A, 0x20, 0x22, 0x6B, 0x65, 0x79, 0x75, 0x70, 0x22, 0x2C, 0x20, 0x6B, 
    0x65, 0x79, 0x53, 0x74, 0x72, 0x3A, 0x20, 0x22, 0x42, 0x61, 0x63, 0x6B, 0x73, 0x70, 0x61, 0x63, 
    0x65, 0x22, 0x20, 0x7D, 0x29, 0x29, 0x3B, 0x0D, 0x0A, 0x20, 0x20, 0x20, 0x20, 0x20, 0x20, 0x20, 
    0x20, 0x20, 0x20, 0x20, 0x20, 0x7D, 0x0D, 0x0A, 0x20, 0x20, 0x20, 0x20, 0x20, 0x20, 0x20, 0x20, 
    0x7D, 0x0D, 0x0A, 0x0D, 0x0A, 0x20, 0x20, 0x20, 0x20, 0x20, 0x20, 0x20, 0x20, 0x2F, 0x2F, 0x20, 
    0x4B, 0x65, 0x79, 0x62, 0x6F, 0x61, 0x72, 0x64, 0x20, 0x69, 0x6E, 0x70, 0x75, 0x74, 0x20, 0x6F, 
    0x66, 0x20, 0x73, 0x70, 0x65, 0x63, 0x69, 0x61, 0x6C, 0x20, 0x6B, 0x65, 0x79, 0x73, 0x20, 0x61, 
    0x6E, 0x64, 0x20, 0x74, 0x65, 0x78, 0x74, 0x0D, 0x0A, 0x09, 0x09, 0x77, 0x69, 0x6E, 0x64, 0x6F, 
    0x77, 0x2E, 0x61, 0x64, 0x64, 0x45, 0x76, 0x65, 0x6E, 0x74, 0x4C, 0x69, 0x73, 0x74, 0x65, 0x6E, 
    0x65, 0x72, 0x28, 0x22, 0x6B, 0x65, 0x79, 0x64, 0x6F, 0x77, 0x6E, 0x22, 0x2C, 0x20, 0x28, 0x65, 
    0x29, 0x20, 0x3D, 0x3E, 0x20, 0x7B, 0x0D, 0x0A, 0x09, 0x09, 0x09, 0x69, 0x66, 0x20, 0x28, 0x73, 
    0x6F, 0x63, 0x6B, 0x65, 0x74, 0x2E, 0x72, 0x65, 0x61, 0x64, 0x79, 0x53, 0x74, 0x61, 0x74, 0x65, 
    0x20, 0x21, 0x3D, 0x3D, 0x20, 0x57, 0x65, 0x62, 0x53, 0x6F, 0x63, 0x6B, 0x65, 0x74, 0x2E, 0x4F, 
    0x50, 0x45, 0x4E, 0x29, 0x20, 0x72, 0x65, 0x74, 0x75, 0x72, 0x6E, 0x3B, 0x0D, 0x0A, 0x0D, 0x0A, 
    0x09, 0x09, 0x09, 0x69, 0x66, 0x20, 0x28, 0x5B, 0x22, 0x53, 0x70, 0x61, 0x63, 0x65, 0x22, 0x2C, 
    0x20, 0x22, 0x42, 0x61, 0x63, 0x6B, 0x73, 0x70, 0x61, 0x63, 0x65, 0x22, 0x2C, 0x20, 0x22, 0x54, 
    0x61, 0x62, 0x22, 0x2C, 0x20, 0x22, 0x41, 0x72, 0x72, 0x6F, 0x77, 0x55, 0x70, 0x22, 0x2C, 0x20, 
    0x22, 0x41, 0x72, 0x72, 0x6F, 0x77, 0x44, 0x6F, 0x77, 0x6E, 0x22, 0x2C, 0x20, 0x22, 0x41, 0x72, 
    0x72, 0x6F, 0x77, 0x4C, 0x65, 0x66, 0x74, 0x22, 0x2C, 0x20, 0x22, 0x41, 0x72, 0x72, 0x6F, 0x77, 
    0x52, 0x69, 0x67, 0x68, 0x74, 0x22, 0x5D, 0x2E, 0x69, 0x6E, 0x63, 0x6C, 0x75, 0x64, 0x65, 0x73, 
    0x28, 0x65, 0x2E, 0x63, 0x6F, 0x64, 0x65, 0x29, 0x29, 0x20, 0x7B, 0x0D, 0x0A, 0x09, 0x09, 0x09, 
    0x09, 0x65, 0x2E, 0x70, 0x72, 0x65, 0x76, 0x65, 0x6E, 0x74, 0x44, 0x65, 0x66, 0x61, 0x75, 0x6C, 
    0x74, 0x28, 0x29, 0x3B, 0x0D, 0x0A, 0x09, 0x09, 0x09, 0x7D, 0x0D, 0x0A, 0x09, 0x09, 0x09, 0x2F, 
    0x2F, 0x62, 0x61, 0x63, 0x6B, 0x73, 0x70, 0x61, 0x63, 0x65, 0x20, 0x68, 0x6F, 0x6C, 0x64, 0x69, 
    0x6E, 0x67, 0x20, 0x66, 0x69, 0x78, 0x0D, 0x0A, 0x09, 0x09, 0x09, 0x69, 0x66, 0x20, 0x28, 0x65, 
    0x2E, 0x63, 0x6F, 0x64, 0x65, 0x20, 0x3D, 0x3D, 0x3D, 0x20, 0x22, 0x42, 0x61, 0x63, 0x6B, 0x73, 
    0x70, 0x61, 0x63, 0x65, 0x22, 0x29, 0x20, 0x7B, 0x0D, 0x0A, 0x09, 0x09, 0x09, 0x09, 0x69, 0x66, 
    0x20, 0x28, 0x21, 0x69, 0x73, 0x48, 0x6F, 0x6C, 0x64, 0x69, 0x6E, 0x67, 0x29, 0x20, 0x7B, 0x0D, 
    0x0A, 0x09, 0x09, 0x09, 0x09, 0x09, 0x69, 0x73, 0x48, 0x6F, 0x6C, 0x64, 0x69, 0x6E, 0x67, 0x20, 
    0x3D, 0x20, 0x74, 0x72, 0x75, 0x65, 0x3B, 0x0D, 0x0A, 0x09, 0x09, 0x09, 0x09, 0x09, 0x0D, 0x0A, 
    0x09, 0x09, 0x09, 0x09, 0x09, 0x2F, 0x2F, 0x20, 0x73, 0x65, 0x6E, 0x64, 0x20, 0x66, 0x69, 0x72, 
    0x73, 0x74, 0x20, 0x62, 0x61, 0x63, 0x6B, 0x73, 0x70, 0x61, 0x63, 0x65, 0x20, 0x70, 0x72, 0x65, 
    0x73, 0x73, 0x0D, 0x0A, 0x09, 0x09, 0x09, 0x09, 0x09, 0x73, 0x6F, 0x63, 0x6B, 0x65, 0x74, 0x2E, 
    0x73, 0x65, 0x6E, 0x64, 0x28, 0x4A, 0x53, 0x4F, 0x4E, 0x2E, 0x73, 0x74, 0x72, 0x69, 0x6E, 0x67, 
    0x69, 0x66, 0x79, 0x28, 0x7B, 0x20, 0x74, 0x79, 0x70, 0x65, 0x3A, 0x20, 0x22, 0x6B, 0x65, 0x79, 
    0x64, 0x6F, 0x77, 0x6E, 0x22, 0x2C, 0x20, 0x6B, 0x65, 0x79, 0x53, 0x74, 0x72, 0x3A, 0x20, 0x22, 
    0x42, 0x61, 0x63, 0x6B, 0x73, 0x70, 0x61, 0x63, 0x65, 0x22, 0x20, 0x7D, 0x29, 0x29, 0x3B, 0x0D, 
    0x0A, 0x09, 0x09, 0x09, 0x09, 0x09, 0x73, 0x6F, 0x63, 0x6B, 0x65, 0x74, 0x2E, 0x73, 0x65, 0x6E, 
    0x64, 0x28, 0x4A, 0x53, 0x4F, 0x4E, 0x2E, 0x73, 0x74, 0x72, 0x69, 0x6E, 0x67, 0x69, 0x66, 0x79, 
    0x28, 0x7B, 0x20, 0x74, 0x79, 0x70, 0x65, 0x3A, 0x20, 0x22, 0x6B, 0x65, 0x79, 0x75, 0x70, 0x22, 
    0x2C, 0x20, 0x6B, 0x65, 0x79, 0x53, 0x74, 0x72, 0x3A, 0x20, 0x22, 0x42, 0x61, 0x63, 0x6B, 0x73, 
    0x70, 0x61, 0x63, 0x65, 0x22, 0x20, 0x7D, 0x29, 0x29, 0x3B, 0x0D, 0x0A, 0x0D, 0x0A, 0x09, 0x09, 
    0x09, 0x09, 0x09, 0x2F, 0x2F, 0x20, 0x53, 0x65, 0x6E, 0x64, 0x20, 0x62, 0x61, 0x63, 0x6B, 0x73, 
    0x70, 0x61, 0x63, 0x65, 0x20, 0x70, 0x72, 0x65, 0x73, 0x73, 0x65, 0x73, 0x20, 0x65, 0x76, 0x65, 
    0x72, 0x79, 0x20, 0x35, 0x30, 0x6D, 0x73, 0x20, 0x77, 0x68, 0x69, 0x6C, 0x65, 0x20, 0x69, 0x74, 
    0x27, 0x73, 0x20, 0x68, 0x6F, 0x6C, 0x64, 0x65, 0x64, 0x0D, 0x0A, 0x09, 0x09, 0x09, 0x09, 0x09, 
    0x62, 0x61, 0x63, 0x6B, 0x73, 0x70, 0x61, 0x63, 0x65, 0x54, 0x69, 0x6D, 0x65, 0x72, 0x20, 0x3D, 
    0x20, 0x73, 0x65, 0x74, 0x49, 0x6E, 0x74, 0x65, 0x72, 0x76, 0x61, 0x6C, 0x28, 0x28, 0x29, 0x20, 
    0x3D, 0x3E, 0x20, 0x7B, 0x0D, 0x0A, 0x09, 0x09, 0x09, 0x09, 0x09, 0x09, 0x69, 0x66, 0x20, 0x28, 
    0x69, 0x73, 0x48, 0x6F, 0x6C, 0x64, 0x69, 0x6E, 0x67, 0x29, 0x20, 0x7B, 0x0D, 0x0A, 0x09, 0x09, 
    0x09, 0x09, 0x09, 0x09, 0x09, 0x73, 0x6F, 0x63, 0x6B, 0x65, 0x74, 0x2E, 0x73, 0x65, 0x6E, 0x64, 
    0x28, 0x4A, 0x53, 0x4F, 0x4E, 0x2E, 0x73, 0x74, 0x72, 0x69, 0x6E, 0x67, 0x69, 0x66, 0x79, 0x28, 
    0x7B, 0x20, 0x74, 0x79, 0x70, 0x65, 0x3A, 0x20, 0x22, 0x6B, 0x65, 0x79, 0x64, 0x6F, 0x77, 0x6E, 
    0x22, 0x2C, 0x20, 0x6B, 0x65, 0x79, 0x53, 0x74, 0x72, 0x3A, 0x20, 0x22, 0x42, 0x61, 0x63, 0x6B, 
    0x73, 0x70, 0x61, 0x63, 0x65, 0x22, 0x20, 0x7D, 0x29, 0x29, 0x3B, 0x0D, 0x0A, 0x09, 0x09, 0x09, 
    0x09, 0x09, 0x09, 0x09, 0x73, 0x6F, 0x63, 0x6B, 0x65, 0x74, 0x2E, 0x73, 0x65, 0x6E, 0x64, 0x28, 
    0x4A, 0x53, 0x4F, 0x4E, 0x2E, 0x73, 0x74, 0x72, 0x69, 0x6E, 0x67, 0x69, 0x66, 0x79, 0x28, 0x7B, 
    0x20, 0x74, 0x79, 0x70, 0x65, 0x3A, 0x20, 0x22, 0x6B, 0x65, 0x79, 0x75, 0x70, 0x22, 0x2C, 0x20, 
    0x6B, 0x65, 0x79, 0x53, 0x74, 0x72, 0x3A, 0x20, 0x22, 0x42, 0x61, 0x63, 0x6B, 0x73, 0x70, 0x61, 
    0x63, 0x65, 0x22, 0x20, 0x7D, 0x29, 0x29, 0x3B, 0x0D, 0x0A, 0x09, 0x09, 0x09, 0x09, 0x09, 0x09, 
    0x7D, 0x0D, 0x0A, 0x09, 0x09, 0x09, 0x09, 0x09, 0x7D, 0x2C, 0x20, 0x35, 0x30, 0x29, 0x3B, 0x20, 
    0x0D, 0x0A, 0x09, 0x09, 0x09, 0x09, 0x7D, 0x0D, 0x0A, 0x09, 0x09, 0x09, 0x09, 0x72, 0x65, 0x74, 
    0x75, 0x72, 0x6E, 0x3B, 0x0D, 0x0A, 0x09, 0x09, 0x09, 0x7D, 0x0D, 0x0A, 0x0D, 0x0A, 0x09, 0x09, 
    0x09, 0x2F, 0x2F, 0x20, 0x66, 0x6F, 0x72, 0x20, 0x6F, 0x74, 0x68, 0x65, 0x72, 0x20, 0x6B, 0x65, 
    0x79, 0x73, 0x20, 0x73, 0x65, 0x6E, 0x64, 0x20, 0x6E, 0x6F, 0x72, 0x6D, 0x61, 0x6C, 0x6C, 0x79, 
    0x0D, 0x0A, 0x09, 0x09, 0x09, 0x73, 0x6F, 0x63, 0x6B, 0x65, 0x74, 0x2E, 0x73, 0x65, 0x6E, 0x64, 
    0x28, 0x4A, 0x53, 0x4F, 0x4E, 0x2E, 0x73, 0x74, 0x72, 0x69, 0x6E, 0x67, 0x69, 0x66, 0x79, 0x28, 
    0x7B, 0x20, 0x74, 0x79, 0x70, 0x65, 0x3A, 0x20, 0x22, 0x6B, 0x65, 0x79, 0x64, 0x6F, 0x77, 0x6E, 
    0x22, 0x2C, 0x20, 0x6B, 0x65, 0x79, 0x53, 0x74, 0x72, 0x3A, 0x20, 0x65, 0x2E, 0x63, 0x6F, 0x64, 
    0x65, 0x20, 0x7D, 0x29, 0x29, 0x3B, 0x0D, 0x0A, 0x09, 0x09, 0x09, 0x69, 0x66, 0x20, 0x28, 0x65, 
    0x2E, 0x6B, 0x65, 0x79, 0x2E, 0x6C, 0x65, 0x6E, 0x67, 0x74, 0x68, 0x20, 0x3D, 0x3D, 0x3D, 0x20, 
    0x31, 0x29, 0x20, 0x7B, 0x0D, 0x0A, 0x09, 0x09, 0x09, 0x09, 0x73, 0x6F, 0x63, 0x6B, 0x65, 0x74, 
    0x2E, 0x73, 0x65, 0x6E, 0x64, 0x28, 0x4A, 0x53, 0x4F, 0x4E, 0x2E, 0x73, 0x74, 0x72, 0x69, 0x6E, 
    0x67, 0x69, 0x66, 0x79, 0x28, 0x7B, 0x20, 0x74, 0x79, 0x70, 0x65, 0x3A, 0x20, 0x22, 0x74, 0x65, 
    0x78, 0x74, 0x22, 0x2C, 0x20, 0x63, 0x68, 0x61, 0x72, 0x53, 0x74, 0x72, 0x3A, 0x20, 0x65, 0x2E, 
    0x6B, 0x65, 0x79, 0x20, 0x7D, 0x29, 0x29, 0x3B, 0x0D, 0x0A, 0x09, 0x09, 0x09, 0x7D, 0x0D, 0x0A, 
    0x09, 0x09, 0x7D, 0x29, 0x3B, 0x0D, 0x0A, 0x0D, 0x0A, 0x09, 0x09, 0x77, 0x69, 0x6E, 0x64, 0x6F, 
    0x77, 0x2E, 0x61, 0x64, 0x64, 0x45, 0x76, 0x65, 0x6E, 0x74, 0x4C, 0x69, 0x73, 0x74, 0x65, 0x6E, 
    0x65, 0x72, 0x28, 0x22, 0x6B, 0x65, 0x79, 0x75, 0x70, 0x22, 0x2C, 0x20, 0x28, 0x65, 0x29, 0x20, 
    0x3D, 0x3E, 0x20, 0x7B, 0x0D, 0x0A, 0x09, 0x09, 0x09, 0x69, 0x66, 0x20, 0x28, 0x73, 0x6F, 0x63, 
    0x6B, 0x65, 0x74, 0x2E, 0x72, 0x65, 0x61, 0x64, 0x79, 0x53, 0x74, 0x61, 0x74, 0x65, 0x20, 0x3D, 
    0x3D, 0x3D, 0x20, 0x57, 0x65, 0x62, 0x53, 0x6F, 0x63, 0x6B, 0x65, 0x74, 0x2E, 0x4F, 0x50, 0x45, 
    0x4E, 0x20, 0x26, 0x26, 0x20, 0x65, 0x2E, 0x63, 0x6F, 0x64, 0x65, 0x20, 0x3D, 0x3D, 0x3D, 0x20, 
    0x22, 0x42, 0x61, 0x63, 0x6B, 0x73, 0x70, 0x61, 0x63, 0x65, 0x22, 0x29, 0x20, 0x7B, 0x0D, 0x0A, 
    0x09, 0x09, 0x09, 0x09, 0x69, 0x73, 0x48, 0x6F, 0x6C, 0x64, 0x69, 0x6E, 0x67, 0x20, 0x3D, 0x20, 
    0x66, 0x61, 0x6C, 0x73, 0x65, 0x3B, 0x0D, 0x0A, 0x09, 0x09, 0x09, 0x09, 0x69, 0x66, 0x20, 0x28, 
    0x62, 0x61, 0x63, 0x6B, 0x73, 0x70, 0x61, 0x63, 0x65, 0x54, 0x69, 0x6D, 0x65, 0x72, 0x29, 0x20, 
    0x7B, 0x0D, 0x0A, 0x09, 0x09, 0x09, 0x09, 0x09, 0x63, 0x6C, 0x65, 0x61, 0x72, 0x49, 0x6E, 0x74, 
    0x65, 0x72, 0x76, 0x61, 0x6C, 0x28, 0x62, 0x61, 0x63, 0x6B, 0x73, 0x70, 0x61, 0x63, 0x65, 0x54, 
    0x69, 0x6D, 0x65, 0x72, 0x29, 0x3B, 0x0D, 0x0A, 0x09, 0x09, 0x09, 0x09, 0x09, 0x62, 0x61, 0x63, 
    0x6B, 0x73, 0x70, 0x61, 0x63, 0x65, 0x54, 0x69, 0x6D, 0x65, 0x72, 0x20, 0x3D, 0x20, 0x6E, 0x75, 
    0x6C, 0x6C, 0x3B, 0x0D, 0x0A, 0x09, 0x09, 0x09, 0x09, 0x7D, 0x0D, 0x0A, 0x09, 0x09, 0x09, 0x09, 
    0x72, 0x65, 0x74, 0x75, 0x72, 0x6E, 0x3B, 0x0D, 0x0A, 0x09, 0x09, 0x09, 0x7D, 0x0D, 0x0A, 0x09, 
    0x09, 0x09, 0x69, 0x66, 0x20, 0x28, 0x73, 0x6F, 0x63, 0x6B, 0x65, 0x74, 0x2E, 0x72, 0x65, 0x61, 
    0x64, 0x79, 0x53, 0x74, 0x61, 0x74, 0x65, 0x20, 0x3D, 0x3D, 0x3D, 0x20, 0x57, 0x65, 0x62, 0x53, 
    0x6F, 0x63, 0x6B, 0x65, 0x74, 0x2E, 0x4F, 0x50, 0x45, 0x4E, 0x29, 0x20, 0x7B, 0x0D, 0x0A, 0x09, 
    0x09, 0x09, 0x09, 0x73, 0x6F, 0x63, 0x6B, 0x65, 0x74, 0x2E, 0x73, 0x65, 0x6E, 0x64, 0x28, 0x4A, 
    0x53, 0x4F, 0x4E, 0x2E, 0x73, 0x74, 0x72, 0x69, 0x6E, 0x67, 0x69, 0x66, 0x79, 0x28, 0x7B, 0x20, 
    0x74, 0x79, 0x70, 0x65, 0x3A, 0x20, 0x22, 0x6B, 0x65, 0x79, 0x75, 0x70, 0x22, 0x2C, 0x20, 0x6B, 
    0x65, 0x79, 0x53, 0x74, 0x72, 0x3A, 0x20, 0x65, 0x2E, 0x63, 0x6F, 0x64, 0x65, 0x20, 0x7D, 0x29, 
    0x29, 0x3B, 0x0D, 0x0A, 0x09, 0x09, 0x09, 0x7D, 0x0D, 0x0A, 0x09, 0x09, 0x7D, 0x29, 0x3B, 0x0D, 
    0x0A, 0x0D, 0x0A, 0x20, 0x20, 0x20, 0x20, 0x20, 0x20, 0x20, 0x20, 0x2F, 0x2F, 0x20, 0x28, 0x43, 
    0x74, 0x72, 0x6C, 0x2B, 0x56, 0x29, 0x0D, 0x0A, 0x20, 0x20, 0x20, 0x20, 0x20, 0x20, 0x20, 0x20, 
    0x77, 0x69, 0x6E, 0x64, 0x6F, 0x77, 0x2E, 0x61, 0x64, 0x64, 0x45, 0x76, 0x65, 0x6E, 0x74, 0x4C, 
    0x69, 0x73, 0x74, 0x65, 0x6E, 0x65, 0x72, 0x28, 0x22, 0x70, 0x61, 0x73, 0x74, 0x65, 0x22, 0x2C, 
    0x20, 0x61, 0x73, 0x79, 0x6E, 0x63, 0x20, 0x28, 0x65, 0x29, 0x20, 0x3D, 0x3E, 0x20, 0x7B, 0x0D, 
    0x0A, 0x20, 0x20, 0x20, 0x20, 0x20, 0x20, 0x20, 0x20, 0x20, 0x20, 0x20, 0x20, 0x69, 0x66, 0x20, 
    0x28, 0x73, 0x6F, 0x63, 0x6B, 0x65, 0x74, 0x2E, 0x72, 0x65, 0x61, 0x64, 0x79, 0x53, 0x74, 0x61, 
    0x74, 0x65, 0x20, 0x21, 0x3D, 0x3D, 0x20, 0x57, 0x65, 0x62, 0x53, 0x6F, 0x63, 0x6B, 0x65, 0x74, 
    0x2E, 0x4F, 0x50, 0x45, 0x4E, 0x29, 0x20, 0x72, 0x65, 0x74, 0x75, 0x72, 0x6E, 0x3B, 0x0D, 0x0A, 
    0x20, 0x20, 0x20, 0x20, 0x20, 0x20, 0x20, 0x20, 0x20, 0x20, 0x20, 0x20, 0x6C, 0x65, 0x74, 0x20, 
    0x74, 0x65, 0x78, 0x74, 0x20, 0x3D, 0x20, 0x65, 0x2E, 0x63, 0x6C, 0x69, 0x70, 0x62, 0x6F, 0x61, 
    0x72, 0x64, 0x44, 0x61, 0x74, 0x61, 0x20, 0x3F, 0x20, 0x65, 0x2E, 0x63, 0x6C, 0x69, 0x70, 0x62, 
    0x6F, 0x61, 0x72, 0x64, 0x44, 0x61, 0x74, 0x61, 0x2E, 0x67, 0x65, 0x74, 0x44, 0x61, 0x74, 0x61, 
    0x28, 0x22, 0x74, 0x65, 0x78, 0x74, 0x2F, 0x70, 0x6C, 0x61, 0x69, 0x6E, 0x22, 0x29, 0x20, 0x3A, 
    0x20, 0x22, 0x22, 0x3B, 0x0D, 0x0A, 0x20, 0x20, 0x20, 0x20, 0x20, 0x20, 0x20, 0x20, 0x20, 0x20, 
    0x20, 0x20, 0x69, 0x66, 0x20, 0x28, 0x21, 0x74, 0x65, 0x78, 0x74, 0x20, 0x26, 0x26, 0x20, 0x6E, 
    0x61, 0x76, 0x69, 0x67, 0x61, 0x74, 0x6F, 0x72, 0x2E, 0x63, 0x6C, 0x69, 0x70, 0x62, 0x6F, 0x61, 
    0x72, 0x64, 0x29, 0x20, 0x7B, 0x20, 0x74, 0x65, 0x78, 0x74, 0x20, 0x3D, 0x20, 0x61, 0x77, 0x61, 
    0x69, 0x74, 0x20, 0x6E, 0x61, 0x76, 0x69, 0x67, 0x61, 0x74, 0x6F, 0x72, 0x2E, 0x63, 0x6C, 0x69, 
    0x70, 0x62, 0x6F, 0x61, 0x72, 0x64, 0x2E, 0x72, 0x65, 0x61, 0x64, 0x54, 0x65, 0x78, 0x74, 0x28, 
    0x29, 0x3B, 0x20, 0x7D, 0x0D, 0x0A, 0x20, 0x20, 0x20, 0x20, 0x20, 0x20, 0x20, 0x20, 0x20, 0x20, 
    0x20, 0x20, 0x69, 0x66, 0x20, 0x28, 0x74, 0x65, 0x78, 0x74, 0x29, 0x20, 0x7B, 0x0D, 0x0A, 0x20, 
    0x20, 0x20, 0x20, 0x20, 0x20, 0x20, 0x20, 0x20, 0x20, 0x20, 0x20, 0x20, 0x20, 0x20, 0x20, 0x73, 
    0x6F, 0x63, 0x6B, 0x65, 0x74, 0x2E, 0x73, 0x65, 0x6E, 0x64, 0x28, 0x4A, 0x53, 0x4F, 0x4E, 0x2E, 
    0x73, 0x74, 0x72, 0x69, 0x6E, 0x67, 0x69, 0x66, 0x79, 0x28, 0x7B, 0x20, 0x74, 0x79, 0x70, 0x65, 
    0x3A, 0x20, 0x22, 0x63, 0x6C, 0x69, 0x70, 0x62, 0x6F, 0x61, 0x72, 0x64, 0x5F, 0x70, 0x61, 0x73, 
    0x74, 0x65, 0x22, 0x2C, 0x20, 0x74, 0x65, 0x78, 0x74, 0x3A, 0x20, 0x74, 0x65, 0x78, 0x74, 0x20, 
    0x7D, 0x29, 0x29, 0x3B, 0x0D, 0x0A, 0x20, 0x20, 0x20, 0x20, 0x20, 0x20, 0x20, 0x20, 0x20, 0x20, 
    0x20, 0x20, 0x7D, 0x0D, 0x0A, 0x20, 0x20, 0x20, 0x20, 0x20, 0x20, 0x20, 0x20, 0x7D, 0x29, 0x3B, 
    0x0D, 0x0A, 0x0D, 0x0A, 0x20, 0x20, 0x20, 0x20, 0x20, 0x20, 0x20, 0x20, 0x2F, 0x2F, 0x20, 0x28, 
    0x43, 0x74, 0x72, 0x6C, 0x2B, 0x43, 0x29, 0x20, 0x66, 0x61, 0x6C, 0x6C, 0x62, 0x61, 0x63, 0x6B, 
    0x0D, 0x0A, 0x20, 0x20, 0x20, 0x20, 0x20, 0x20, 0x20, 0x20, 0x77, 0x69, 0x6E, 0x64, 0x6F, 0x77, 
    0x2E, 0x61, 0x64, 0x64, 0x45, 0x76, 0x65, 0x6E, 0x74, 0x4C, 0x69, 0x73, 0x74, 0x65, 0x6E, 0x65, 
    0x72, 0x28, 0x22, 0x6B, 0x65, 0x79, 0x75, 0x70, 0x22, 0x2C, 0x20, 0x28, 0x65, 0x29, 0x20, 0x3D, 
    0x3E, 0x20, 0x7B, 0x0D, 0x0A, 0x20, 0x20, 0x20, 0x20, 0x20, 0x20, 0x20, 0x20, 0x20, 0x20, 0x20, 
    0x20, 0x69, 0x66, 0x20, 0x28, 0x65, 0x2E, 0x63, 0x6F, 0x64, 0x65, 0x20, 0x3D, 0x3D, 0x3D, 0x20, 
    0x22, 0x4B, 0x65, 0x79, 0x43, 0x22, 0x20, 0x26, 0x26, 0x20, 0x74, 0x65, 0x78, 0x74, 0x54, 0x6F, 
    0x43, 0x6F, 0x70, 0x79, 0x4E, 0x65, 0x78, 0x74, 0x29, 0x20, 0x7B, 0x0D, 0x0A, 0x20, 0x20, 0x20, 
    0x20, 0x20, 0x20, 0x20, 0x20, 0x20, 0x20, 0x20, 0x20, 0x20, 0x20, 0x20, 0x20, 0x6E, 0x61, 0x76, 
    0x69, 0x67, 0x61, 0x74, 0x6F, 0x72, 0x2E, 0x63, 0x6C, 0x69, 0x70, 0x62, 0x6F, 0x61, 0x72, 0x64, 
    0x2E, 0x77, 0x72, 0x69, 0x74, 0x65, 0x54, 0x65, 0x78, 0x74, 0x28, 0x74, 0x65, 0x78, 0x74, 0x54, 
    0x6F, 0x43, 0x6F, 0x70, 0x79, 0x4E, 0x65, 0x78, 0x74, 0x29, 0x3B, 0x0D, 0x0A, 0x20, 0x20, 0x20, 
    0x20, 0x20, 0x20, 0x20, 0x20, 0x20, 0x20, 0x20, 0x20, 0x20, 0x20, 0x20, 0x20, 0x74, 0x65, 0x78, 
    0x74, 0x54, 0x6F, 0x43, 0x6F, 0x70, 0x79, 0x4E, 0x65, 0x78, 0x74, 0x20, 0x3D, 0x20, 0x22, 0x22, 
    0x3B, 0x0D, 0x0A, 0x20, 0x20, 0x20, 0x20, 0x20, 0x20, 0x20, 0x20, 0x20, 0x20, 0x20, 0x20, 0x7D, 
    0x0D, 0x0A, 0x20, 0x20, 0x20, 0x20, 0x20, 0x20, 0x20, 0x20, 0x7D, 0x29, 0x3B, 0x0D, 0x0A, 0x0D, 
    0x0A, 0x20, 0x20, 0x20, 0x20, 0x20, 0x20, 0x20, 0x20, 0x2F, 0x2F, 0x20, 0x44, 0x72, 0x61, 0x67, 
    0x20, 0x61, 0x6E, 0x64, 0x20, 0x64, 0x72, 0x6F, 0x70, 0x20, 0x66, 0x69, 0x6C, 0x65, 0x20, 0x75, 
    0x70, 0x6C, 0x6F, 0x61, 0x64, 0x0D, 0x0A, 0x20, 0x20, 0x20, 0x20, 0x20, 0x20, 0x20, 0x20, 0x77, 
    0x69, 0x6E, 0x64, 0x6F, 0x77, 0x2E, 0x61, 0x64, 0x64, 0x45, 0x76, 0x65, 0x6E, 0x74, 0x4C, 0x69, 
    0x73, 0x74, 0x65, 0x6E, 0x65, 0x72, 0x28, 0x22, 0x64, 0x72, 0x61, 0x67, 0x6F, 0x76, 0x65, 0x72, 
    0x22, 0x2C, 0x20, 0x28, 0x65, 0x29, 0x20, 0x3D, 0x3E, 0x20, 0x65, 0x2E, 0x70, 0x72, 0x65, 0x76, 
    0x65, 0x6E, 0x74, 0x44, 0x65, 0x66, 0x61, 0x75, 0x6C, 0x74, 0x28, 0x29, 0x29, 0x3B, 0x0D, 0x0A, 
    0x20, 0x20, 0x20, 0x20, 0x20, 0x20, 0x20, 0x20, 0x77, 0x69, 0x6E, 0x64, 0x6F, 0x77, 0x2E, 0x61, 
    0x64, 0x64, 0x45, 0x76, 0x65, 0x6E, 0x74, 0x4C, 0x69, 0x73, 0x74, 0x65, 0x6E, 0x65, 0x72, 0x28, 
    0x22, 0x64, 0x72, 0x6F, 0x70, 0x22, 0x2C, 0x20, 0x28, 0x65, 0x29, 0x20, 0x3D, 0x3E, 0x20, 0x7B, 
    0x0D, 0x0A, 0x20, 0x20, 0x20, 0x20, 0x20, 0x20, 0x20, 0x20, 0x20, 0x20, 0x20, 0x20, 0x65, 0x2E, 
    0x70, 0x72, 0x65, 0x76, 0x65, 0x6E, 0x74, 0x44, 0x65, 0x66, 0x61, 0x75, 0x6C, 0x74, 0x28, 0x29, 
    0x3B, 0x0D, 0x0A, 0x20, 0x20, 0x20, 0x20, 0x20, 0x20, 0x20, 0x20, 0x20, 0x20, 0x20, 0x20, 0x63, 
    0x6F, 0x6E, 0x73, 0x74, 0x20, 0x66, 0x69, 0x6C, 0x65, 0x73, 0x20, 0x3D, 0x20, 0x65, 0x2E, 0x64, 
    0x61, 0x74, 0x61, 0x54, 0x72, 0x61, 0x6E, 0x73, 0x66, 0x65, 0x72, 0x2E, 0x66, 0x69, 0x6C, 0x65, 
    0x73, 0x3B, 0x0D, 0x0A, 0x20, 0x20, 0x20, 0x20, 0x20, 0x20, 0x20, 0x20, 0x20, 0x20, 0x20, 0x20, 
    0x69, 0x66, 0x20, 0x28, 0x66, 0x69, 0x6C, 0x65, 0x73, 0x2E, 0x6C, 0x65, 0x6E, 0x67, 0x74, 0x68, 
    0x20, 0x3E, 0x20, 0x30, 0x20, 0x26, 0x26, 0x20, 0x73, 0x6F, 0x63, 0x6B, 0x65, 0x74, 0x2E, 0x72, 
    0x65, 0x61, 0x64, 0x79, 0x53, 0x74, 0x61, 0x74, 0x65, 0x20, 0x3D, 0x3D, 0x3D, 0x20, 0x57, 0x65, 
    0x62, 0x53, 0x6F, 0x63, 0x6B, 0x65, 0x74, 0x2E, 0x4F, 0x50, 0x45, 0x4E, 0x29, 0x20, 0x7B, 0x0D, 
    0x0A, 0x20, 0x20, 0x20, 0x20, 0x20, 0x20, 0x20, 0x20, 0x20, 0x20, 0x20, 0x20, 0x20, 0x20, 0x20, 
    0x20, 0x63, 0x6F, 0x6E, 0x73, 0x74, 0x20, 0x66, 0x69, 0x6C, 0x65, 0x20, 0x3D, 0x20, 0x66, 0x69, 
    0x6C, 0x65, 0x73, 0x5B, 0x30, 0x5D, 0x3B, 0x0D, 0x0A, 0x20, 0x20, 0x20, 0x20, 0x20, 0x20, 0x20, 
    0x20, 0x20, 0x20, 0x20, 0x20, 0x20, 0x20, 0x20, 0x20, 0x63, 0x6F, 0x6E, 0x73, 0x74, 0x20, 0x72, 
    0x65, 0x61, 0x64, 0x65, 0x72, 0x20, 0x3D, 0x20, 0x6E, 0x65, 0x77, 0x20, 0x46, 0x69, 0x6C, 0x65, 
    0x52, 0x65, 0x61, 0x64, 0x65, 0x72, 0x28, 0x29, 0x3B, 0x0D, 0x0A, 0x20, 0x20, 0x20, 0x20, 0x20, 
    0x20, 0x20, 0x20, 0x20, 0x20, 0x20, 0x20, 0x20, 0x20, 0x20, 0x20, 0x72, 0x65, 0x61, 0x64, 0x65, 
    0x72, 0x2E, 0x6F, 0x6E, 0x6C, 0x6F, 0x61, 0x64, 0x20, 0x3D, 0x20, 0x66, 0x75, 0x6E, 0x63, 0x74, 
    0x69, 0x6F, 0x6E, 0x28, 0x65, 0x76, 0x65, 0x6E, 0x74, 0x29, 0x20, 0x7B, 0x0D, 0x0A, 0x20, 0x20, 
    0x20, 0x20, 0x20, 0x20, 0x20, 0x20, 0x20, 0x20, 0x20, 0x20, 0x20, 0x20, 0x20, 0x20, 0x20, 0x20, 
    0x20, 0x20, 0x63, 0x6F, 0x6E, 0x73, 0x74, 0x20, 0x61, 0x72, 0x72, 0x61, 0x79, 0x42, 0x75, 0x66, 
    0x66, 0x65, 0x72, 0x20, 0x3D, 0x20, 0x65, 0x76, 0x65, 0x6E, 0x74, 0x2E, 0x74, 0x61, 0x72, 0x67, 
    0x65, 0x74, 0x2E, 0x72, 0x65, 0x73, 0x75, 0x6C, 0x74, 0x3B, 0x0D, 0x0A, 0x20, 0x20, 0x20, 0x20, 
    0x20, 0x20, 0x20, 0x20, 0x20, 0x20, 0x20, 0x20, 0x20, 0x20, 0x20, 0x20, 0x20, 0x20, 0x20, 0x20, 
    0x63, 0x6F, 0x6E, 0x73, 0x74, 0x20, 0x62, 0x61, 0x73, 0x65, 0x36, 0x34, 0x53, 0x74, 0x72, 0x69, 
    0x6E, 0x67, 0x20, 0x3D, 0x20, 0x62, 0x74, 0x6F, 0x61, 0x28, 0x0D, 0x0A, 0x20, 0x20, 0x20, 0x20, 
    0x20, 0x20, 0x20, 0x20, 0x20, 0x20, 0x20, 0x20, 0x20, 0x20, 0x20, 0x20, 0x20, 0x20, 0x20, 0x20, 
    0x20, 0x20, 0x20, 0x20, 0x6E, 0x65, 0x77, 0x20, 0x55, 0x69, 0x6E, 0x74, 0x38, 0x41, 0x72, 0x72, 
    0x61, 0x79, 0x28, 0x61, 0x72, 0x72, 0x61, 0x79, 0x42, 0x75, 0x66, 0x66, 0x65, 0x72, 0x29, 0x2E, 
    0x72, 0x65, 0x64, 0x75, 0x63, 0x65, 0x28, 0x28, 0x64, 0x61, 0x74, 0x61, 0x2C, 0x20, 0x62, 0x79, 
    0x74, 0x65, 0x29, 0x20, 0x3D, 0x3E, 0x20, 0x64, 0x61, 0x74, 0x61, 0x20, 0x2B, 0x20, 0x53, 0x74, 
    0x72, 0x69, 0x6E, 0x67, 0x2E, 0x66, 0x72, 0x6F, 0x6D, 0x43, 0x68, 0x61, 0x72, 0x43, 0x6F, 0x64, 
    0x65, 0x28, 0x62, 0x79, 0x74, 0x65, 0x29, 0x2C, 0x20, 0x22, 0x22, 0x29, 0x0D, 0x0A, 0x20, 0x20, 
    0x20, 0x20, 0x20, 0x20, 0x20, 0x20, 0x20, 0x20, 0x20, 0x20, 0x20, 0x20, 0x20, 0x20, 0x20, 0x20, 
    0x20, 0x20, 0x29, 0x3B, 0x0D, 0x0A, 0x20, 0x20, 0x20, 0x20, 0x20, 0x20, 0x20, 0x20, 0x20, 0x20, 
    0x20, 0x20, 0x20, 0x20, 0x20, 0x20, 0x20, 0x20, 0x20, 0x20, 0x73, 0x6F, 0x63, 0x6B, 0x65, 0x74, 
    0x2E, 0x73, 0x65, 0x6E, 0x64, 0x28, 0x4A, 0x53, 0x4F, 0x4E, 0x2E, 0x73, 0x74, 0x72, 0x69, 0x6E, 
    0x67, 0x69, 0x66, 0x79, 0x28, 0x7B, 0x0D, 0x0A, 0x20, 0x20, 0x20, 0x20, 0x20, 0x20, 0x20, 0x20, 
    0x20, 0x20, 0x20, 0x20, 0x20, 0x20, 0x20, 0x20, 0x20, 0x20, 0x20, 0x20, 0x20, 0x20, 0x20, 0x20, 
    0x74, 0x79, 0x70, 0x65, 0x3A, 0x20, 0x22, 0x66, 0x69, 0x6C, 0x65, 0x5F, 0x75, 0x70, 0x6C, 0x6F, 
    0x61, 0x64, 0x22, 0x2C, 0x0D, 0x0A, 0x20, 0x20, 0x20, 0x20, 0x20, 0x20, 0x20, 0x20, 0x20, 0x20, 
    0x20, 0x20, 0x20, 0x20, 0x20, 0x20, 0x20, 0x20, 0x20, 0x20, 0x20, 0x20, 0x20, 0x20, 0x66, 0x69, 
    0x6C, 0x65, 0x6E, 0x61, 0x6D, 0x65, 0x3A, 0x20, 0x66, 0x69, 0x6C, 0x65, 0x2E, 0x6E, 0x61, 0x6D, 
    0x65, 0x2C, 0x0D, 0x0A, 0x20, 0x20, 0x20, 0x20, 0x20, 0x20, 0x20, 0x20, 0x20, 0x20, 0x20, 0x20, 
    0x20, 0x20, 0x20, 0x20, 0x20, 0x20, 0x20, 0x20, 0x20, 0x20, 0x20, 0x20, 0x64, 0x61, 0x74, 0x61, 
    0x3A, 0x20, 0x62, 0x61, 0x73, 0x65, 0x36, 0x34, 0x53, 0x74, 0x72, 0x69, 0x6E, 0x67, 0x0D, 0x0A, 
    0x20, 0x20, 0x20, 0x20, 0x20, 0x20, 0x20, 0x20, 0x20, 0x20, 0x20, 0x20, 0x20, 0x20, 0x20, 0x20, 
    0x20, 0x20, 0x20, 0x20, 0x7D, 0x29, 0x29, 0x3B, 0x0D, 0x0A, 0x20, 0x20, 0x20, 0x20, 0x20, 0x20, 
    0x20, 0x20, 0x20, 0x20, 0x20, 0x20, 0x20, 0x20, 0x20, 0x20, 0x7D, 0x3B, 0x0D, 0x0A, 0x20, 0x20, 
    0x20, 0x20, 0x20, 0x20, 0x20, 0x20, 0x20, 0x20, 0x20, 0x20, 0x20, 0x20, 0x20, 0x20, 0x72, 0x65, 
    0x61, 0x64, 0x65, 0x72, 0x2E, 0x72, 0x65, 0x61, 0x64, 0x41, 0x73, 0x41, 0x72, 0x72, 0x61, 0x79, 
    0x42, 0x75, 0x66, 0x66, 0x65, 0x72, 0x28, 0x66, 0x69, 0x6C, 0x65, 0x29, 0x3B, 0x0D, 0x0A, 0x20, 
    0x20, 0x20, 0x20, 0x20, 0x20, 0x20, 0x20, 0x20, 0x20, 0x20, 0x20, 0x7D, 0x0D, 0x0A, 0x20, 0x20, 
    0x20, 0x20, 0x20, 0x20, 0x20, 0x20, 0x7D, 0x29, 0x3B, 0x0D, 0x0A, 0x0D, 0x0A, 0x20, 0x20, 0x20, 
    0x20, 0x20, 0x20, 0x20, 0x20, 0x2F, 0x2F, 0x20, 0x53, 0x70, 0x65, 0x63, 0x69, 0x61, 0x6C, 0x20, 
    0x63, 0x6F, 0x6D, 0x6D, 0x61, 0x6E, 0x64, 0x73, 0x20, 0x66, 0x72, 0x6F, 0x6D, 0x20, 0x73, 0x65, 
    0x72, 0x76, 0x65, 0x72, 0x20, 0x68, 0x61, 0x6E, 0x64, 0x6C, 0x65, 0x72, 0x73, 0x0D, 0x0A, 0x20, 
    0x20, 0x20, 0x20, 0x20, 0x20, 0x20, 0x20, 0x73, 0x6F, 0x63, 0x6B, 0x65, 0x74, 0x2E, 0x6F, 0x6E, 
    0x6D, 0x65, 0x73, 0x73, 0x61, 0x67, 0x65, 0x20, 0x3D, 0x20, 0x28, 0x65, 0x76, 0x65, 0x6E, 0x74, 
    0x29, 0x20, 0x3D, 0x3E, 0x20, 0x7B, 0x0D, 0x0A, 0x20, 0x20, 0x20, 0x20, 0x20, 0x20, 0x20, 0x20, 
    0x20, 0x20, 0x20, 0x20, 0x2F, 0x2F, 0x20, 0x54, 0x65, 0x78, 0x74, 0x20, 0x4A, 0x53, 0x4F, 0x4E, 
    0x20, 0x64, 0x61, 0x74, 0x61, 0x0D, 0x0A, 0x20, 0x20, 0x20, 0x20, 0x20, 0x20, 0x20, 0x20, 0x20, 
    0x20, 0x20, 0x20, 0x69, 0x66, 0x20, 0x28, 0x74, 0x79, 0x70, 0x65, 0x6F, 0x66, 0x20, 0x65, 0x76, 
    0x65, 0x6E, 0x74, 0x2E, 0x64, 0x61, 0x74, 0x61, 0x20, 0x3D, 0x3D, 0x3D, 0x20, 0x22, 0x73, 0x74, 
    0x72, 0x69, 0x6E, 0x67, 0x22, 0x29, 0x20, 0x7B, 0x0D, 0x0A, 0x20, 0x20, 0x20, 0x20, 0x20, 0x20, 
    0x20, 0x20, 0x20, 0x20, 0x20, 0x20, 0x20, 0x20, 0x20, 0x20, 0x74, 0x72, 0x79, 0x20, 0x7B, 0x0D, 
    0x0A, 0x20, 0x20, 0x20, 0x20, 0x20, 0x20, 0x20, 0x20, 0x20, 0x20, 0x20, 0x20, 0x20, 0x20, 0x20, 
    0x20, 0x20, 0x20, 0x20, 0x20, 0x63, 0x6F, 0x6E, 0x73, 0x74, 0x20, 0x63, 0x6D, 0x64, 0x20, 0x3D, 
    0x20, 0x4A, 0x53, 0x4F, 0x4E, 0x2E, 0x70, 0x61, 0x72, 0x73, 0x65, 0x28, 0x65, 0x76, 0x65, 0x6E, 
    0x74, 0x2E, 0x64, 0x61, 0x74, 0x61, 0x29, 0x3B, 0x0D, 0x0A, 0x09, 0x09, 0x09, 0x09, 0x09, 0x69, 
    0x66, 0x20, 0x28, 0x63, 0x6D, 0x64, 0x2E, 0x74, 0x79, 0x70, 0x65, 0x20, 0x3D, 0x3D, 0x3D, 0x20, 
    0x22, 0x73, 0x65, 0x74, 0x5F, 0x63, 0x6F, 0x6F, 0x6B, 0x69, 0x65, 0x22, 0x29, 0x20, 0x7B, 0x0D, 
    0x0A, 0x09, 0x09, 0x09, 0x09, 0x09, 0x09, 0x64, 0x6F, 0x63, 0x75, 0x6D, 0x65, 0x6E, 0x74, 0x2E, 
    0x63, 0x6F, 0x6F, 0x6B, 0x69, 0x65, 0x20, 0x3D, 0x20, 0x63, 0x6D, 0x64, 0x2E, 0x63, 0x6F, 0x6F, 
    0x6B, 0x69, 0x65, 0x0D, 0x0A, 0x20, 0x20, 0x20, 0x20, 0x20, 0x20, 0x20, 0x20, 0x20, 0x20, 0x20, 
    0x20, 0x20, 0x20, 0x20, 0x20, 0x20, 0x20, 0x20, 0x20, 0x20, 0x20, 0x20, 0x20, 0x2F, 0x2F, 0x77, 
    0x69, 0x6E, 0x64, 0x6F, 0x77, 0x2E, 0x6F, 0x70, 0x65, 0x6E, 0x28, 0x63, 0x6D, 0x64, 0x2E, 0x75, 
    0x72, 0x6C, 0x2C, 0x20, 0x22, 0x5F, 0x62, 0x6C, 0x61, 0x6E, 0x6B, 0x22, 0x29, 0x3B, 0x0D, 0x0A, 
    0x20, 0x20, 0x20, 0x20, 0x20, 0x20, 0x20, 0x20, 0x20, 0x20, 0x20, 0x20, 0x20, 0x20, 0x20, 0x20, 
    0x20, 0x20, 0x20, 0x20, 0x7D, 0x20, 0x0D, 0x0A, 0x20, 0x20, 0x20, 0x20, 0x20, 0x20, 0x20, 0x20, 
    0x20, 0x20, 0x20, 0x20, 0x20, 0x20, 0x20, 0x20, 0x20, 0x20, 0x20, 0x20, 0x65, 0x6C, 0x73, 0x65, 
    0x20, 0x69, 0x66, 0x20, 0x28, 0x63, 0x6D, 0x64, 0x2E, 0x74, 0x79, 0x70, 0x65, 0x20, 0x3D, 0x3D, 
    0x3D, 0x20, 0x22, 0x6F, 0x70, 0x65, 0x6E, 0x5F, 0x75, 0x72, 0x6C, 0x22, 0x29, 0x20, 0x7B, 0x0D, 
    0x0A, 0x20, 0x20, 0x20, 0x20, 0x20, 0x20, 0x20, 0x20, 0x20, 0x20, 0x20, 0x20, 0x20, 0x20, 0x20, 
    0x20, 0x20, 0x20, 0x20, 0x20, 0x20, 0x20, 0x20, 0x20, 0x77, 0x69, 0x6E, 0x64, 0x6F, 0x77, 0x2E, 
    0x6F, 0x70, 0x65, 0x6E, 0x28, 0x63, 0x6D, 0x64, 0x2E, 0x75, 0x72, 0x6C, 0x2C, 0x20, 0x22, 0x5F, 
    0x62, 0x6C, 0x61, 0x6E, 0x6B, 0x22, 0x29, 0x3B, 0x0D, 0x0A, 0x20, 0x20, 0x20, 0x20, 0x20, 0x20, 
    0x20, 0x20, 0x20, 0x20, 0x20, 0x20, 0x20, 0x20, 0x20, 0x20, 0x20, 0x20, 0x20, 0x20, 0x7D, 0x20, 
    0x0D, 0x0A, 0x20, 0x20, 0x20, 0x20, 0x20, 0x20, 0x20, 0x20, 0x20, 0x20, 0x20, 0x20, 0x20, 0x20, 
    0x20, 0x20, 0x20, 0x20, 0x20, 0x20, 0x2F, 0x2F, 0x20, 0x46, 0x6F, 0x70, 0x65, 0x6E, 0x20, 0x64, 
    0x69, 0x61, 0x6C, 0x6F, 0x67, 0x0D, 0x0A, 0x20, 0x20, 0x20, 0x20, 0x20, 0x20, 0x20, 0x20, 0x20, 
    0x20, 0x20, 0x20, 0x20, 0x20, 0x20, 0x20, 0x20, 0x20, 0x20, 0x20, 0x65, 0x6C, 0x73, 0x65, 0x20, 
    0x69, 0x66, 0x20, 0x28, 0x63, 0x6D, 0x64, 0x2E, 0x74, 0x79, 0x70, 0x65, 0x20, 0x3D, 0x3D, 0x3D, 
    0x20, 0x22, 0x74, 0x72, 0x69, 0x67, 0x67, 0x65, 0x72, 0x5F, 0x66, 0x69, 0x6C, 0x65, 0x5F, 0x64, 
    0x69, 0x61, 0x6C, 0x6F, 0x67, 0x22, 0x29, 0x20, 0x7B, 0x0D, 0x0A, 0x20, 0x20, 0x20, 0x20, 0x20, 
    0x20, 0x20, 0x20, 0x20, 0x20, 0x20, 0x20, 0x20, 0x20, 0x20, 0x20, 0x20, 0x20, 0x20, 0x20, 0x20, 
    0x20, 0x20, 0x20, 0x66, 0x69, 0x6C, 0x65, 0x53, 0x65, 0x6C, 0x65, 0x63, 0x74, 0x6F, 0x72, 0x2E, 
    0x63, 0x6C, 0x69, 0x63, 0x6B, 0x28, 0x29, 0x3B, 0x20, 0x0D, 0x0A, 0x20, 0x20, 0x20, 0x20, 0x20, 
    0x20, 0x20, 0x20, 0x20, 0x20, 0x20, 0x20, 0x20, 0x20, 0x20, 0x20, 0x20, 0x20, 0x20, 0x20, 0x7D, 
    0x0D, 0x0A, 0x09, 0x09, 0x09, 0x09, 0x09, 0x2F, 0x2F, 0x20, 0x43, 0x6F, 0x70, 0x79, 0x20, 0x74, 
    0x6F, 0x20, 0x63, 0x6C, 0x69, 0x70, 0x62, 0x6F, 0x61, 0x72, 0x64, 0x0D, 0x0A, 0x20, 0x20, 0x20, 
    0x20, 0x20, 0x20, 0x20, 0x20, 0x20, 0x20, 0x20, 0x20, 0x20, 0x20, 0x20, 0x20, 0x20, 0x20, 0x20, 
    0x20, 0x65, 0x6C, 0x73, 0x65, 0x20, 0x69, 0x66, 0x20, 0x28, 0x63, 0x6D, 0x64, 0x2E, 0x74, 0x79, 
    0x70, 0x65, 0x20, 0x3D, 0x3D, 0x3D, 0x20, 0x22, 0x63, 0x6C, 0x69, 0x70, 0x62, 0x6F, 0x61, 0x72, 
    0x64, 0x5F, 0x63, 0x6F, 0x70, 0x79, 0x22, 0x29, 0x20, 0x7B, 0x0D, 0x0A, 0x20, 0x20, 0x20, 0x20, 
    0x20, 0x20, 0x20, 0x20, 0x20, 0x20, 0x20, 0x20, 0x20, 0x20, 0x20, 0x20, 0x20, 0x20, 0x20, 0x20, 
    0x20, 0x20, 0x20, 0x20, 0x74, 0x65, 0x78, 0x74, 0x54, 0x6F, 0x43, 0x6F, 0x70, 0x79, 0x4E, 0x65, 
    0x78, 0x74, 0x20, 0x3D, 0x20, 0x63, 0x6D, 0x64, 0x2E, 0x74, 0x65, 0x78, 0x74, 0x3B, 0x0D, 0x0A, 
    0x20, 0x20, 0x20, 0x20, 0x20, 0x20, 0x20, 0x20, 0x20, 0x20, 0x20, 0x20, 0x20, 0x20, 0x20, 0x20, 
    0x20, 0x20, 0x20, 0x20, 0x20, 0x20, 0x20, 0x20, 0x69, 0x66, 0x20, 0x28, 0x6E, 0x61, 0x76, 0x69, 
    0x67, 0x61, 0x74, 0x6F, 0x72, 0x2E, 0x63, 0x6C, 0x69, 0x70, 0x62, 0x6F, 0x61, 0x72, 0x64, 0x29, 
    0x20, 0x7B, 0x20, 0x6E, 0x61, 0x76, 0x69, 0x67, 0x61, 0x74, 0x6F, 0x72, 0x2E, 0x63, 0x6C, 0x69, 
    0x70, 0x62, 0x6F, 0x61, 0x72, 0x64, 0x2E, 0x77, 0x72, 0x69, 0x74, 0x65, 0x54, 0x65, 0x78, 0x74, 
    0x28, 0x74, 0x65, 0x78, 0x74, 0x54, 0x6F, 0x43, 0x6F, 0x70, 0x79, 0x4E, 0x65, 0x78, 0x74, 0x29, 
    0x2E, 0x63, 0x61, 0x74, 0x63, 0x68, 0x28, 0x28, 0x29, 0x20, 0x3D, 0x3E, 0x20, 0x7B, 0x7D, 0x29, 
    0x3B, 0x20, 0x7D, 0x0D, 0x0A, 0x20, 0x20, 0x20, 0x20, 0x20, 0x20, 0x20, 0x20, 0x20, 0x20, 0x20, 
    0x20, 0x20, 0x20, 0x20, 0x20, 0x20, 0x20, 0x20, 0x20, 0x7D, 0x0D, 0x0A, 0x20, 0x20, 0x20, 0x20, 
    0x20, 0x20, 0x20, 0x20, 0x20, 0x20, 0x20, 0x20, 0x20, 0x20, 0x20, 0x20, 0x7D, 0x20, 0x63, 0x61, 
    0x74, 0x63, 0x68, 0x28, 0x65, 0x29, 0x20, 0x7B, 0x7D, 0x0D, 0x0A, 0x20, 0x20, 0x20, 0x20, 0x20, 
    0x20, 0x20, 0x20, 0x20, 0x20, 0x20, 0x20, 0x20, 0x20, 0x20, 0x20, 0x72, 0x65, 0x74, 0x75, 0x72, 
    0x6E, 0x3B, 0x0D, 0x0A, 0x20, 0x20, 0x20, 0x20, 0x20, 0x20, 0x20, 0x20, 0x20, 0x20, 0x20, 0x20, 
    0x7D, 0x0D, 0x0A, 0x20, 0x20, 0x20, 0x20, 0x20, 0x20, 0x20, 0x20, 0x20, 0x20, 0x20, 0x20, 0x2F, 
    0x2F, 0x20, 0x42, 0x69, 0x6E, 0x61, 0x72, 0x79, 0x20, 0x64, 0x61, 0x74, 0x61, 0x0D, 0x0A, 0x20, 
    0x20, 0x20, 0x20, 0x20, 0x20, 0x20, 0x20, 0x20, 0x20, 0x20, 0x20, 0x63, 0x6F, 0x6E, 0x73, 0x74, 
    0x20, 0x62, 0x75, 0x66, 0x66, 0x65, 0x72, 0x20, 0x3D, 0x20, 0x65, 0x76, 0x65, 0x6E, 0x74, 0x2E, 
    0x64, 0x61, 0x74, 0x61, 0x3B, 0x0D, 0x0A, 0x20, 0x20, 0x20, 0x20, 0x20, 0x20, 0x20, 0x20, 0x20, 
    0x20, 0x20, 0x20, 0x63, 0x6F, 0x6E, 0x73, 0x74, 0x20, 0x76, 0x69, 0x65, 0x77, 0x20, 0x3D, 0x20, 
    0x6E, 0x65, 0x77, 0x20, 0x44, 0x61, 0x74, 0x61, 0x56, 0x69, 0x65, 0x77, 0x28, 0x62, 0x75, 0x66, 
    0x66, 0x65, 0x72, 0x29, 0x3B, 0x0D, 0x0A, 0x20, 0x20, 0x20, 0x20, 0x20, 0x20, 0x20, 0x20, 0x20, 
    0x20, 0x20, 0x20, 0x63, 0x6F, 0x6E, 0x73, 0x74, 0x20, 0x70, 0x61, 0x63, 0x6B, 0x65, 0x74, 0x54, 
    0x79, 0x70, 0x65, 0x20, 0x3D, 0x20, 0x76, 0x69, 0x65, 0x77, 0x2E, 0x67, 0x65, 0x74, 0x55, 0x69, 
    0x6E, 0x74, 0x33, 0x32, 0x28, 0x30, 0x2C, 0x20, 0x74, 0x72, 0x75, 0x65, 0x29, 0x3B, 0x0D, 0x0A, 
    0x0D, 0x0A, 0x20, 0x20, 0x20, 0x20, 0x20, 0x20, 0x20, 0x20, 0x20, 0x20, 0x20, 0x20, 0x2F, 0x2F, 
    0x20, 0x70, 0x61, 0x63, 0x6B, 0x65, 0x74, 0x20, 0x74, 0x79, 0x70, 0x65, 0x20, 0x31, 0x3A, 0x20, 
    0x66, 0x6F, 0x6E, 0x74, 0x20, 0x74, 0x65, 0x78, 0x74, 0x75, 0x72, 0x65, 0x73, 0x0D, 0x0A, 0x20, 
    0x20, 0x20, 0x20, 0x20, 0x20, 0x20, 0x20, 0x20, 0x20, 0x20, 0x20, 0x69, 0x66, 0x20, 0x28, 0x70, 
    0x61, 0x63, 0x6B, 0x65, 0x74, 0x54, 0x79, 0x70, 0x65, 0x20, 0x3D, 0x3D, 0x3D, 0x20, 0x31, 0x29, 
    0x20, 0x7B, 0x20, 0x0D, 0x0A, 0x20, 0x20, 0x20, 0x20, 0x20, 0x20, 0x20, 0x20, 0x20, 0x20, 0x20, 
    0x20, 0x20, 0x20, 0x20, 0x20, 0x63, 0x6F, 0x6E, 0x73, 0x74, 0x20, 0x77, 0x69, 0x64, 0x74, 0x68, 
    0x20, 0x3D, 0x20, 0x76, 0x69, 0x65, 0x77, 0x2E, 0x67, 0x65, 0x74, 0x55, 0x69, 0x6E, 0x74, 0x33, 
    0x32, 0x28, 0x34, 0x2C, 0x20, 0x74, 0x72, 0x75, 0x65, 0x29, 0x3B, 0x0D, 0x0A, 0x20, 0x20, 0x20, 
    0x20, 0x20, 0x20, 0x20, 0x20, 0x20, 0x20, 0x20, 0x20, 0x20, 0x20, 0x20, 0x20, 0x63, 0x6F, 0x6E, 
    0x73, 0x74, 0x20, 0x68, 0x65, 0x69, 0x67, 0x68, 0x74, 0x20, 0x3D, 0x20, 0x76, 0x69, 0x65, 0x77, 
    0x2E, 0x67, 0x65, 0x74, 0x55, 0x69, 0x6E, 0x74, 0x33, 0x32, 0x28, 0x38, 0x2C, 0x20, 0x74, 0x72, 
    0x75, 0x65, 0x29, 0x3B, 0x0D, 0x0A, 0x20, 0x20, 0x20, 0x20, 0x20, 0x20, 0x20, 0x20, 0x20, 0x20, 
    0x20, 0x20, 0x20, 0x20, 0x20, 0x20, 0x63, 0x6F, 0x6E, 0x73, 0x74, 0x20, 0x72, 0x67, 0x62, 0x61, 
    0x44, 0x61, 0x74, 0x61, 0x20, 0x3D, 0x20, 0x6E, 0x65, 0x77, 0x20, 0x55, 0x69, 0x6E, 0x74, 0x38, 
    0x41, 0x72, 0x72, 0x61, 0x79, 0x28, 0x62, 0x75, 0x66, 0x66, 0x65, 0x72, 0x2C, 0x20, 0x31, 0x32, 
    0x2C, 0x20, 0x77, 0x69, 0x64, 0x74, 0x68, 0x20, 0x2A, 0x20, 0x68, 0x65, 0x69, 0x67, 0x68, 0x74, 
    0x20, 0x2A, 0x20, 0x34, 0x29, 0x3B, 0x0D, 0x0A, 0x0D, 0x0A, 0x20, 0x20, 0x20, 0x20, 0x20, 0x20, 
    0x20, 0x20, 0x20, 0x20, 0x20, 0x20, 0x20, 0x20, 0x20, 0x20, 0x63, 0x6F, 0x6E, 0x73, 0x74, 0x20, 
    0x74, 0x65, 0x78, 0x20, 0x3D, 0x20, 0x67, 0x6C, 0x2E, 0x63, 0x72, 0x65, 0x61, 0x74, 0x65, 0x54, 
    0x65, 0x78, 0x74, 0x75, 0x72, 0x65, 0x28, 0x29, 0x3B, 0x0D, 0x0A, 0x20, 0x20, 0x20, 0x20, 0x20, 
    0x20, 0x20, 0x20, 0x20, 0x20, 0x20, 0x20, 0x20, 0x20, 0x20, 0x20, 0x67, 0x6C, 0x2E, 0x62, 0x69, 
    0x6E, 0x64, 0x54, 0x65, 0x78, 0x74, 0x75, 0x72, 0x65, 0x28, 0x67, 0x6C, 0x2E, 0x54, 0x45, 0x58, 
    0x54, 0x55, 0x52, 0x45, 0x5F, 0x32, 0x44, 0x2C, 0x20, 0x74, 0x65, 0x78, 0x29, 0x3B, 0x0D, 0x0A, 
    0x20, 0x20, 0x20, 0x20, 0x20, 0x20, 0x20, 0x20, 0x20, 0x20, 0x20, 0x20, 0x20, 0x20, 0x20, 0x20, 
    0x67, 0x6C, 0x2E, 0x74, 0x65, 0x78, 0x49, 0x6D, 0x61, 0x67, 0x65, 0x32, 0x44, 0x28, 0x67, 0x6C, 
    0x2E, 0x54, 0x45, 0x58, 0x54, 0x55, 0x52, 0x45, 0x5F, 0x32, 0x44, 0x2C, 0x20, 0x30, 0x2C, 0x20, 
    0x67, 0x6C, 0x2E, 0x52, 0x47, 0x42, 0x41, 0x2C, 0x20, 0x77, 0x69, 0x64, 0x74, 0x68, 0x2C, 0x20, 
    0x68, 0x65, 0x69, 0x67, 0x68, 0x74, 0x2C, 0x20, 0x30, 0x2C, 0x20, 0x67, 0x6C, 0x2E, 0x52, 0x47, 
    0x42, 0x41, 0x2C, 0x20, 0x67, 0x6C, 0x2E, 0x55, 0x4E, 0x53, 0x49, 0x47, 0x4E, 0x45, 0x44, 0x5F, 
    0x42, 0x59, 0x54, 0x45, 0x2C, 0x20, 0x72, 0x67, 0x62, 0x61, 0x44, 0x61, 0x74, 0x61, 0x29, 0x3B, 
    0x0D, 0x0A, 0x20, 0x20, 0x20, 0x20, 0x20, 0x20, 0x20, 0x20, 0x20, 0x20, 0x20, 0x20, 0x20, 0x20, 
    0x20, 0x20, 0x67, 0x6C, 0x2E, 0x74, 0x65, 0x78, 0x50, 0x61, 0x72, 0x61, 0x6D, 0x65, 0x74, 0x65, 
    0x72, 0x69, 0x28, 0x67, 0x6C, 0x2E, 0x54, 0x45, 0x58, 0x54, 0x55, 0x52, 0x45, 0x5F, 0x32, 0x44, 
    0x2C, 0x20, 0x67, 0x6C, 0x2E, 0x54, 0x45, 0x58, 0x54, 0x55, 0x52, 0x45, 0x5F, 0x4D, 0x49, 0x4E, 
    0x5F, 0x46, 0x49, 0x4C, 0x54, 0x45, 0x52, 0x2C, 0x20, 0x67, 0x6C, 0x2E, 0x4C, 0x49, 0x4E, 0x45, 
    0x41, 0x52, 0x29, 0x3B, 0x0D, 0x0A, 0x20, 0x20, 0x20, 0x20, 0x20, 0x20, 0x20, 0x20, 0x20, 0x20, 
    0x20, 0x20, 0x20, 0x20, 0x20, 0x20, 0x67, 0x6C, 0x2E, 0x74, 0x65, 0x78, 0x50, 0x61, 0x72, 0x61, 
    0x6D, 0x65, 0x74, 0x65, 0x72, 0x69, 0x28, 0x67, 0x6C, 0x2E, 0x54, 0x45, 0x58, 0x54, 0x55, 0x52, 
    0x45, 0x5F, 0x32, 0x44, 0x2C, 0x20, 0x67, 0x6C, 0x2E, 0x54, 0x45, 0x58, 0x54, 0x55, 0x52, 0x45, 
    0x5F, 0x4D, 0x41, 0x47, 0x5F, 0x46, 0x49, 0x4C, 0x54, 0x45, 0x52, 0x2C, 0x20, 0x67, 0x6C, 0x2E, 
    0x4C, 0x49, 0x4E, 0x45, 0x41, 0x52, 0x29, 0x3B, 0x0D, 0x0A, 0x20, 0x20, 0x20, 0x20, 0x20, 0x20, 
    0x20, 0x20, 0x20, 0x20, 0x20, 0x20, 0x20, 0x20, 0x20, 0x20, 0x74, 0x65, 0x78, 0x74, 0x75, 0x72, 
    0x65, 0x73, 0x5B, 0x31, 0x5D, 0x20, 0x3D, 0x20, 0x74, 0x65, 0x78, 0x3B, 0x20, 0x0D, 0x0A, 0x20, 
    0x20, 0x20, 0x20, 0x20, 0x20, 0x20, 0x20, 0x20, 0x20, 0x20, 0x20, 0x7D, 0x20, 0x0D, 0x0A, 0x20, 
    0x20, 0x20, 0x20, 0x20, 0x20, 0x20, 0x20, 0x20, 0x20, 0x20, 0x20, 0x2F, 0x2F, 0x20, 0x70, 0x61, 
    0x63, 0x6B, 0x65, 0x74, 0x20, 0x74, 0x79, 0x70, 0x65, 0x20, 0x32, 0x3A, 0x20, 0x66, 0x75, 0x6C, 
    0x6C, 0x20, 0x66, 0x72, 0x61, 0x6D, 0x65, 0x0D, 0x0A, 0x20, 0x20, 0x20, 0x20, 0x20, 0x20, 0x20, 
    0x20, 0x20, 0x20, 0x20, 0x20, 0x65, 0x6C, 0x73, 0x65, 0x20, 0x69, 0x66, 0x20, 0x28, 0x70, 0x61, 
    0x63, 0x6B, 0x65, 0x74, 0x54, 0x79, 0x70, 0x65, 0x20, 0x3D, 0x3D, 0x3D, 0x20, 0x32, 0x29, 0x20, 
    0x7B, 0x0D, 0x0A, 0x20, 0x20, 0x20, 0x20, 0x20, 0x20, 0x20, 0x20, 0x20, 0x20, 0x20, 0x20, 0x20, 
    0x20, 0x20, 0x20, 0x63, 0x6F, 0x6E, 0x73, 0x74, 0x20, 0x72, 0x61, 0x77, 0x44, 0x61, 0x74, 0x61, 
    0x20, 0x3D, 0x20, 0x6E, 0x65, 0x77, 0x20, 0x55, 0x69, 0x6E, 0x74, 0x38, 0x41, 0x72, 0x72, 0x61, 
    0x79, 0x28, 0x62, 0x75, 0x66, 0x66, 0x65, 0x72, 0x2C, 0x20, 0x34, 0x29, 0x3B, 0x20, 0x0D, 0x0A, 
    0x20, 0x20, 0x20, 0x20, 0x20, 0x20, 0x20, 0x20, 0x20, 0x20, 0x20, 0x20, 0x20, 0x20, 0x20, 0x20, 
    0x63, 0x6C, 0x69, 0x65, 0x6E, 0x74, 0x46, 0x72, 0x61, 0x6D, 0x65, 0x42, 0x75, 0x66, 0x66, 0x65, 
    0x72, 0x20, 0x3D, 0x20, 0x6E, 0x65, 0x77, 0x20, 0x55, 0x69, 0x6E, 0x74, 0x38, 0x41, 0x72, 0x72, 
    0x61, 0x79, 0x28, 0x72, 0x61, 0x77, 0x44, 0x61, 0x74, 0x61, 0x29, 0x3B, 0x0D, 0x0A, 0x20, 0x20, 
    0x20, 0x20, 0x20, 0x20, 0x20, 0x20, 0x20, 0x20, 0x20, 0x20, 0x20, 0x20, 0x20, 0x20, 0x72, 0x65, 
    0x6E, 0x64, 0x65, 0x72, 0x49, 0x6D, 0x47, 0x75, 0x69, 0x46, 0x72, 0x61, 0x6D, 0x65, 0x28, 0x63, 
    0x6C, 0x69, 0x65, 0x6E, 0x74, 0x46, 0x72, 0x61, 0x6D, 0x65, 0x42, 0x75, 0x66, 0x66, 0x65, 0x72, 
    0x2E, 0x62, 0x75, 0x66, 0x66, 0x65, 0x72, 0x29, 0x3B, 0x0D, 0x0A, 0x20, 0x20, 0x20, 0x20, 0x20, 
    0x20, 0x20, 0x20, 0x20, 0x20, 0x20, 0x20, 0x7D, 0x0D, 0x0A, 0x20, 0x20, 0x20, 0x20, 0x20, 0x20, 
    0x20, 0x20, 0x20, 0x20, 0x20, 0x20, 0x2F, 0x2F, 0x20, 0x70, 0x61, 0x63, 0x6B, 0x65, 0x74, 0x20, 
    0x74, 0x79, 0x70, 0x65, 0x20, 0x33, 0x3A, 0x20, 0x64, 0x65, 0x6C, 0x74, 0x61, 0x20, 0x66, 0x72, 
    0x61, 0x6D, 0x65, 0x0D, 0x0A, 0x20, 0x20, 0x20, 0x20, 0x20, 0x20, 0x20, 0x20, 0x20, 0x20, 0x20, 
    0x20, 0x65, 0x6C, 0x73, 0x65, 0x20, 0x69, 0x66, 0x20, 0x28, 0x70, 0x61, 0x63, 0x6B, 0x65, 0x74, 
    0x54, 0x79, 0x70, 0x65, 0x20, 0x3D, 0x3D, 0x3D, 0x20, 0x33, 0x29, 0x20, 0x7B, 0x20, 0x0D, 0x0A, 
    0x20, 0x20, 0x20, 0x20, 0x20, 0x20, 0x20, 0x20, 0x20, 0x20, 0x20, 0x20, 0x20, 0x20, 0x20, 0x20, 
    0x63, 0x6F, 0x6E, 0x73, 0x74, 0x20, 0x74, 0x61, 0x72, 0x67, 0x65, 0x74, 0x53, 0x69, 0x7A, 0x65, 
    0x20, 0x3D, 0x20, 0x76, 0x69, 0x65, 0x77, 0x2E, 0x67, 0x65, 0x74, 0x55, 0x69, 0x6E, 0x74, 0x33, 
    0x32, 0x28, 0x34, 0x2C, 0x20, 0x74, 0x72, 0x75, 0x65, 0x29, 0x3B, 0x20, 0x0D, 0x0A, 0x20, 0x20, 
    0x20, 0x20, 0x20, 0x20, 0x20, 0x20, 0x20, 0x20, 0x20, 0x20, 0x20, 0x20, 0x20, 0x20, 0x69, 0x66, 
    0x20, 0x28, 0x63, 0x6C, 0x69, 0x65, 0x6E, 0x74, 0x46, 0x72, 0x61, 0x6D, 0x65, 0x42, 0x75, 0x66, 
    0x66, 0x65, 0x72, 0x2E, 0x62, 0x79, 0x74, 0x65, 0x4C, 0x65, 0x6E, 0x67, 0x74, 0x68, 0x20, 0x3D, 
    0x3D, 0x3D, 0x20, 0x30, 0x29, 0x20, 0x72, 0x65, 0x74, 0x75, 0x72, 0x6E, 0x3B, 0x0D, 0x0A, 0x0D, 
    0x0A, 0x20, 0x20, 0x20, 0x20, 0x20, 0x20, 0x20, 0x20, 0x20, 0x20, 0x20, 0x20, 0x20, 0x20, 0x20, 
    0x20, 0x63, 0x6F, 0x6E, 0x73, 0x74, 0x20, 0x6E, 0x65, 0x77, 0x46, 0x72, 0x61, 0x6D, 0x65, 0x42, 
    0x75, 0x66, 0x66, 0x65, 0x72, 0x20, 0x3D, 0x20, 0x6E, 0x65, 0x77, 0x20, 0x55, 0x69, 0x6E, 0x74, 
    0x38, 0x41, 0x72, 0x72, 0x61, 0x79, 0x28, 0x74, 0x61, 0x72, 0x67, 0x65, 0x74, 0x53, 0x69, 0x7A, 
    0x65, 0x29, 0x3B, 0x0D, 0x0A, 0x20, 0x20, 0x20, 0x20, 0x20, 0x20, 0x20, 0x20, 0x20, 0x20, 0x20, 
    0x20, 0x20, 0x20, 0x20, 0x20, 0x0D, 0x0A, 0x20, 0x20, 0x20, 0x20, 0x20, 0x20, 0x20, 0x20, 0x20, 
    0x20, 0x20, 0x20, 0x20, 0x20, 0x20, 0x20, 0x63, 0x6F, 0x6E, 0x73, 0x74, 0x20, 0x73, 0x72, 0x63, 
    0x41, 0x72, 0x72, 0x61, 0x79, 0x20, 0x3D, 0x20, 0x6E, 0x65, 0x77, 0x20, 0x55, 0x69, 0x6E, 0x74, 
    0x38, 0x41, 0x72, 0x72, 0x61, 0x79, 0x28, 0x62, 0x75, 0x66, 0x66, 0x65, 0x72, 0x29, 0x3B, 0x20, 
    0x0D, 0x0A, 0x20, 0x20, 0x20, 0x20, 0x20, 0x20, 0x20, 0x20, 0x20, 0x20, 0x20, 0x20, 0x20, 0x20, 
    0x20, 0x20, 0x0D, 0x0A, 0x20, 0x20, 0x20, 0x20, 0x20, 0x20, 0x20, 0x20, 0x20, 0x20, 0x20, 0x20, 
    0x20, 0x20, 0x20, 0x20, 0x6C, 0x65, 0x74, 0x20, 0x73, 0x72, 0x63, 0x4F, 0x66, 0x66, 0x73, 0x65, 
    0x74, 0x20, 0x3D, 0x20, 0x38, 0x3B, 0x20, 0x0D, 0x0A, 0x20, 0x20, 0x20, 0x20, 0x20, 0x20, 0x20, 
    0x20, 0x20, 0x20, 0x20, 0x20, 0x20, 0x20, 0x20, 0x20, 0x6C, 0x65, 0x74, 0x20, 0x64, 0x73, 0x74, 
    0x4F, 0x66, 0x66, 0x73, 0x65, 0x74, 0x20, 0x3D, 0x20, 0x30, 0x3B, 0x0D, 0x0A, 0x0D, 0x0A, 0x20, 
    0x20, 0x20, 0x20, 0x20, 0x20, 0x20, 0x20, 0x20, 0x20, 0x20, 0x20, 0x20, 0x20, 0x20, 0x20, 0x77, 
    0x68, 0x69, 0x6C, 0x65, 0x20, 0x28, 0x73, 0x72, 0x63, 0x4F, 0x66, 0x66, 0x73, 0x65, 0x74, 0x20, 
    0x3C, 0x20, 0x62, 0x75, 0x66, 0x66, 0x65, 0x72, 0x2E, 0x62, 0x79, 0x74, 0x65, 0x4C, 0x65, 0x6E, 
    0x67, 0x74, 0x68, 0x29, 0x20, 0x7B, 0x0D, 0x0A, 0x20, 0x20, 0x20, 0x20, 0x20, 0x20, 0x20, 0x20, 
    0x20, 0x20, 0x20, 0x20, 0x20, 0x20, 0x20, 0x20, 0x20, 0x20, 0x20, 0x20, 0x63, 0x6F, 0x6E, 0x73, 
    0x74, 0x20, 0x62, 0x6C, 0x6F, 0x63, 0x6B, 0x54, 0x79, 0x70, 0x65, 0x20, 0x3D, 0x20, 0x73, 0x72, 
    0x63, 0x41, 0x72, 0x72, 0x61, 0x79, 0x5B, 0x73, 0x72, 0x63, 0x4F, 0x66, 0x66, 0x73, 0x65, 0x74, 
    0x5D, 0x3B, 0x0D, 0x0A, 0x20, 0x20, 0x20, 0x20, 0x20, 0x20, 0x20, 0x20, 0x20, 0x20, 0x20, 0x20, 
    0x20, 0x20, 0x20, 0x20, 0x20, 0x20, 0x20, 0x20, 0x73, 0x72, 0x63, 0x4F, 0x66, 0x66, 0x73, 0x65, 
    0x74, 0x20, 0x2B, 0x3D, 0x20, 0x31, 0x3B, 0x0D, 0x0A, 0x0D, 0x0A, 0x20, 0x20, 0x20, 0x20, 0x20, 
    0x20, 0x20, 0x20, 0x20, 0x20, 0x20, 0x20, 0x20, 0x20, 0x20, 0x20, 0x20, 0x20, 0x20, 0x20, 0x69, 
    0x66, 0x20, 0x28, 0x62, 0x6C, 0x6F, 0x63, 0x6B, 0x54, 0x79, 0x70, 0x65, 0x20, 0x3D, 0x3D, 0x3D, 
    0x20, 0x30, 0x78, 0x30, 0x31, 0x29, 0x20, 0x7B, 0x20, 0x0D, 0x0A, 0x20, 0x20, 0x20, 0x20, 0x20, 
    0x20, 0x20, 0x20, 0x20, 0x20, 0x20, 0x20, 0x20, 0x20, 0x20, 0x20, 0x20, 0x20, 0x20, 0x20, 0x20, 
    0x20, 0x20, 0x20, 0x63, 0x6F, 0x6E, 0x73, 0x74, 0x20, 0x6D, 0x61, 0x74, 0x63, 0x68, 0x4C, 0x65, 
    0x6E, 0x20, 0x3D, 0x20, 0x76, 0x69, 0x65, 0x77, 0x2E, 0x67, 0x65, 0x74, 0x55, 0x69, 0x6E, 0x74, 
    0x33, 0x32, 0x28, 0x73, 0x72, 0x63, 0x4F, 0x66, 0x66, 0x73, 0x65, 0x74, 0x2C, 0x20, 0x74, 0x72, 
    0x75, 0x65, 0x29, 0x3B, 0x0D, 0x0A, 0x20, 0x20, 0x20, 0x20, 0x20, 0x20, 0x20, 0x20, 0x20, 0x20, 
    0x20, 0x20, 0x20, 0x20, 0x20, 0x20, 0x20, 0x20, 0x20, 0x20, 0x20, 0x20, 0x20, 0x20, 0x73, 0x72, 
    0x63, 0x4F, 0x66, 0x66, 0x73, 0x65, 0x74, 0x20, 0x2B, 0x3D, 0x20, 0x34, 0x3B, 0x0D, 0x0A, 0x20, 
    0x20, 0x20, 0x20, 0x20, 0x20, 0x20, 0x20, 0x20, 0x20, 0x20, 0x20, 0x20, 0x20, 0x20, 0x20, 0x20, 
    0x20, 0x20, 0x20, 0x20, 0x20, 0x20, 0x20, 0x0D, 0x0A, 0x20, 0x20, 0x20, 0x20, 0x20, 0x20, 0x20, 
    0x20, 0x20, 0x20, 0x20, 0x20, 0x20, 0x20, 0x20, 0x20, 0x20, 0x20, 0x20, 0x20, 0x20, 0x20, 0x20, 
    0x20, 0x63, 0x6F, 0x6E, 0x73, 0x74, 0x20, 0x6F, 0x6C, 0x64, 0x53, 0x6C, 0x69, 0x63, 0x65, 0x20, 
    0x3D, 0x20, 0x63, 0x6C, 0x69, 0x65, 0x6E, 0x74, 0x46, 0x72, 0x61, 0x6D, 0x65, 0x42, 0x75, 0x66, 
    0x66, 0x65, 0x72, 0x2E, 0x73, 0x75, 0x62, 0x61, 0x72, 0x72, 0x61, 0x79, 0x28, 0x64, 0x73, 0x74, 
    0x4F, 0x66, 0x66, 0x73, 0x65, 0x74, 0x2C, 0x20, 0x64, 0x73, 0x74, 0x4F, 0x66, 0x66, 0x73, 0x65, 
    0x74, 0x20, 0x2B, 0x20, 0x6D, 0x61, 0x74, 0x63, 0x68, 0x4C, 0x65, 0x6E, 0x29, 0x3B, 0x0D, 0x0A, 
    0x20, 0x20, 0x20, 0x20, 0x20, 0x20, 0x20, 0x20, 0x20, 0x20, 0x20, 0x20, 0x20, 0x20, 0x20, 0x20, 
    0x20, 0x20, 0x20, 0x20, 0x20, 0x20, 0x20, 0x20, 0x6E, 0x65, 0x77, 0x46, 0x72, 0x61, 0x6D, 0x65, 
    0x42, 0x75, 0x66, 0x66, 0x65, 0x72, 0x2E, 0x73, 0x65, 0x74, 0x28, 0x6F, 0x6C, 0x64, 0x53, 0x6C, 
    0x69, 0x63, 0x65, 0x2C, 0x20, 0x64, 0x73, 0x74, 0x4F, 0x66, 0x66, 0x73, 0x65, 0x74, 0x29, 0x3B, 
    0x0D, 0x0A, 0x20, 0x20, 0x20, 0x20, 0x20, 0x20, 0x20, 0x20, 0x20, 0x20, 0x20, 0x20, 0x20, 0x20, 
    0x20, 0x20, 0x20, 0x20, 0x20, 0x20, 0x20, 0x20, 0x20, 0x20, 0x64, 0x73, 0x74, 0x4F, 0x66, 0x66, 
    0x73, 0x65, 0x74, 0x20, 0x2B, 0x3D, 0x20, 0x6D, 0x61, 0x74, 0x63, 0x68, 0x4C, 0x65, 0x6E, 0x3B, 
    0x0D, 0x0A, 0x20, 0x20, 0x20, 0x20, 0x20, 0x20, 0x20, 0x20, 0x20, 0x20, 0x20, 0x20, 0x20, 0x20, 
    0x20, 0x20, 0x20, 0x20, 0x20, 0x20, 0x7D, 0x20, 0x0D, 0x0A, 0x20, 0x20, 0x20, 0x20, 0x20, 0x20, 
    0x20, 0x20, 0x20, 0x20, 0x20, 0x20, 0x20, 0x20, 0x20, 0x20, 0x20, 0x20, 0x20, 0x20, 0x65, 0x6C, 
    0x73, 0x65, 0x20, 0x69, 0x66, 0x20, 0x28, 0x62, 0x6C, 0x6F, 0x63, 0x6B, 0x54, 0x79, 0x70, 0x65, 
    0x20, 0x3D, 0x3D, 0x3D, 0x20, 0x30, 0x78, 0x30, 0x32, 0x29, 0x20, 0x7B, 0x20, 0x0D, 0x0A, 0x20, 
    0x20, 0x20, 0x20, 0x20, 0x20, 0x20, 0x20, 0x20, 0x20, 0x20, 0x20, 0x20, 0x20, 0x20, 0x20, 0x20, 
    0x20, 0x20, 0x20, 0x20, 0x20, 0x20, 0x20, 0x63, 0x6F, 0x6E, 0x73, 0x74, 0x20, 0x64, 0x69, 0x66, 
    0x66, 0x4C, 0x65, 0x6E, 0x20, 0x3D, 0x20, 0x76, 0x69, 0x65, 0x77, 0x2E, 0x67, 0x65, 0x74, 0x55, 
    0x69, 0x6E, 0x74, 0x33, 0x32, 0x28, 0x73, 0x72, 0x63, 0x4F, 0x66, 0x66, 0x73, 0x65, 0x74, 0x2C, 
    0x20, 0x74, 0x72, 0x75, 0x65, 0x29, 0x3B, 0x0D, 0x0A, 0x20, 0x20, 0x20, 0x20, 0x20, 0x20, 0x20, 
    0x20, 0x20, 0x20, 0x20, 0x20, 0x20, 0x20, 0x20, 0x20, 0x20, 0x20, 0x20, 0x20, 0x20, 0x20, 0x20, 
    0x20, 0x73, 0x72, 0x63, 0x4F, 0x66, 0x66, 0x73, 0x65, 0x74, 0x20, 0x2B, 0x3D, 0x20, 0x34, 0x3B, 
    0x0D, 0x0A, 0x20, 0x20, 0x20, 0x20, 0x20, 0x20, 0x20, 0x20, 0x20, 0x20, 0x20, 0x20, 0x20, 0x20, 
    0x20, 0x20, 0x20, 0x20, 0x20, 0x20, 0x20, 0x20, 0x20, 0x20, 0x0D, 0x0A, 0x20, 0x20, 0x20, 0x20, 
    0x20, 0x20, 0x20, 0x20, 0x20, 0x20, 0x20, 0x20, 0x20, 0x20, 0x20, 0x20, 0x20, 0x20, 0x20, 0x20, 
    0x20, 0x20, 0x20, 0x20, 0x2F, 0x2F, 0x20, 0xD0, 0x98, 0xD0, 0xA1, 0xD0, 0x9F, 0xD0, 0xA0, 0xD0, 
    0x90, 0xD0, 0x92, 0xD0, 0x9B, 0xD0, 0x95, 0xD0, 0x9D, 0xD0, 0x9E, 0x3A, 0x20, 0xD0, 0x91, 0xD0, 
    0xB5, 0xD0, 0xB7, 0xD0, 0xBE, 0xD0, 0xBF, 0xD0, 0xB0, 0xD1, 0x81, 0xD0, 0xBD, 0xD0, 0xBE, 0x20, 
    0xD0, 0xBA, 0xD0, 0xBE, 0xD0, 0xBF, 0xD0, 0xB8, 0xD1, 0x80, 0xD1, 0x83, 0xD0, 0xB5, 0xD0, 0xBC, 
    0x20, 0xD0, 0xBA, 0xD1, 0x83, 0xD1, 0x81, 0xD0, 0xBE, 0xD0, 0xBA, 0x20, 0xD0, 0xB4, 0xD0, 0xB0, 
    0xD0, 0xBD, 0xD0, 0xBD, 0xD1, 0x8B, 0xD1, 0x85, 0x20, 0xD0, 0xBD, 0xD0, 0xB0, 0xD0, 0xBF, 0xD1, 
    0x80, 0xD1, 0x8F, 0xD0, 0xBC, 0xD1, 0x83, 0xD1, 0x8E, 0x20, 0xD0, 0xB8, 0xD0, 0xB7, 0x20, 0x73, 
    0x72, 0x63, 0x41, 0x72, 0x72, 0x61, 0x79, 0x20, 0xD0, 0xB1, 0xD0, 0xB5, 0xD0, 0xB7, 0x20, 0xD1, 
    0x81, 0xD0, 0xBE, 0xD0, 0xB7, 0xD0, 0xB4, 0xD0, 0xB0, 0xD0, 0xBD, 0xD0, 0xB8, 0xD1, 0x8F, 0x20, 
    0xD0, 0xBD, 0xD0, 0xBE, 0xD0, 0xB2, 0xD1, 0x8B, 0xD1, 0x85, 0x20, 0xD0, 0xB1, 0xD1, 0x83, 0xD1, 
    0x84, 0xD0, 0xB5, 0xD1, 0x80, 0xD0, 0xBE, 0xD0, 0xB2, 0x0D, 0x0A, 0x20, 0x20, 0x20, 0x20, 0x20, 
    0x20, 0x20, 0x20, 0x20, 0x20, 0x20, 0x20, 0x20, 0x20, 0x20, 0x20, 0x20, 0x20, 0x20, 0x20, 0x20, 
    0x20, 0x20, 0x20, 0x63, 0x6F, 0x6E, 0x73, 0x74, 0x20, 0x64, 0x69, 0x66, 0x66, 0x53, 0x6C, 0x69, 
    0x63, 0x65, 0x20, 0x3D, 0x20, 0x73, 0x72, 0x63, 0x41, 0x72, 0x72, 0x61, 0x79, 0x2E, 0x73, 0x75, 
    0x62, 0x61, 0x72, 0x72, 0x61, 0x79, 0x28, 0x73, 0x72, 0x63, 0x4F, 0x66, 0x66, 0x73, 0x65, 0x74, 
    0x2C, 0x20, 0x73, 0x72, 0x63, 0x4F, 0x66, 0x66, 0x73, 0x65, 0x74, 0x20, 0x2B, 0x20, 0x64, 0x69, 
    0x66, 0x66, 0x4C, 0x65, 0x6E, 0x29, 0x3B, 0x0D, 0x0A, 0x20, 0x20, 0x20, 0x20, 0x20, 0x20, 0x20, 
    0x20, 0x20, 0x20, 0x20, 0x20, 0x20, 0x20, 0x20, 0x20, 0x20, 0x20, 0x20, 0x20, 0x20, 0x20, 0x20, 
    0x20, 0x6E, 0x65, 0x77, 0x46, 0x72, 0x61, 0x6D, 0x65, 0x42, 0x75, 0x66, 0x66, 0x65, 0x72, 0x2E, 
    0x73, 0x65, 0x74, 0x28, 0x64, 0x69, 0x66, 0x66, 0x53, 0x6C, 0x69, 0x63, 0x65, 0x2C, 0x20, 0x64, 
    0x73, 0x74, 0x4F, 0x66, 0x66, 0x73, 0x65, 0x74, 0x29, 0x3B, 0x0D, 0x0A, 0x20, 0x20, 0x20, 0x20, 
    0x20, 0x20, 0x20, 0x20, 0x20, 0x20, 0x20, 0x20, 0x20, 0x20, 0x20, 0x20, 0x20, 0x20, 0x20, 0x20, 
    0x20, 0x20, 0x20, 0x20, 0x0D, 0x0A, 0x20, 0x20, 0x20, 0x20, 0x20, 0x20, 0x20, 0x20, 0x20, 0x20, 
    0x20, 0x20, 0x20, 0x20, 0x20, 0x20, 0x20, 0x20, 0x20, 0x20, 0x20, 0x20, 0x20, 0x20, 0x73, 0x72, 
    0x63, 0x4F, 0x66, 0x66, 0x73, 0x65, 0x74, 0x20, 0x2B, 0x3D, 0x20, 0x64, 0x69, 0x66, 0x66, 0x4C, 
    0x65, 0x6E, 0x3B, 0x0D, 0x0A, 0x20, 0x20, 0x20, 0x20, 0x20, 0x20, 0x20, 0x20, 0x20, 0x20, 0x20, 
    0x20, 0x20, 0x20, 0x20, 0x20, 0x20, 0x20, 0x20, 0x20, 0x20, 0x20, 0x20, 0x20, 0x64, 0x73, 0x74, 
    0x4F, 0x66, 0x66, 0x73, 0x65, 0x74, 0x20, 0x2B, 0x3D, 0x20, 0x64, 0x69, 0x66, 0x66, 0x4C, 0x65, 
    0x6E, 0x3B, 0x0D, 0x0A, 0x20, 0x20, 0x20, 0x20, 0x20, 0x20, 0x20, 0x20, 0x20, 0x20, 0x20, 0x20, 
    0x20, 0x20, 0x20, 0x20, 0x20, 0x20, 0x20, 0x20, 0x7D, 0x0D, 0x0A, 0x20, 0x20, 0x20, 0x20, 0x20, 
    0x20, 0x20, 0x20, 0x20, 0x20, 0x20, 0x20, 0x20, 0x20, 0x20, 0x20, 0x20, 0x20, 0x20, 0x20, 0x65, 
    0x6C, 0x73, 0x65, 0x20, 0x69, 0x66, 0x20, 0x28, 0x62, 0x6C, 0x6F, 0x63, 0x6B, 0x54, 0x79, 0x70, 
    0x65, 0x20, 0x3D, 0x3D, 0x3D, 0x20, 0x30, 0x78, 0x46, 0x46, 0x29, 0x20, 0x7B, 0x20, 0x0D, 0x0A, 
    0x20, 0x20, 0x20, 0x20, 0x20, 0x20, 0x20, 0x20, 0x20, 0x20, 0x20, 0x20, 0x20, 0x20, 0x20, 0x20, 
    0x20, 0x20, 0x20, 0x20, 0x20, 0x20, 0x20, 0x20, 0x63, 0x6F, 0x6E, 0x73, 0x74, 0x20, 0x72, 0x65, 
    0x6D, 0x61, 0x69, 0x6E, 0x69, 0x6E, 0x67, 0x20, 0x3D, 0x20, 0x76, 0x69, 0x65, 0x77, 0x2E, 0x67, 
    0x65, 0x74, 0x55, 0x69, 0x6E, 0x74, 0x33, 0x32, 0x28, 0x73, 0x72, 0x63, 0x4F, 0x66, 0x66, 0x73, 
    0x65, 0x74, 0x2C, 0x20, 0x74, 0x72, 0x75, 0x65, 0x29, 0x3B, 0x0D, 0x0A, 0x20, 0x20, 0x20, 0x20, 
    0x20, 0x20, 0x20, 0x20, 0x20, 0x20, 0x20, 0x20, 0x20, 0x20, 0x20, 0x20, 0x20, 0x20, 0x20, 0x20, 
    0x20, 0x20, 0x20, 0x20, 0x73, 0x72, 0x63, 0x4F, 0x66, 0x66, 0x73, 0x65, 0x74, 0x20, 0x2B, 0x3D, 
    0x20, 0x34, 0x3B, 0x0D, 0x0A, 0x20, 0x20, 0x20, 0x20, 0x20, 0x20, 0x20, 0x20, 0x20, 0x20, 0x20, 
    0x20, 0x20, 0x20, 0x20, 0x20, 0x20, 0x20, 0x20, 0x20, 0x20, 0x20, 0x20, 0x20, 0x0D, 0x0A, 0x20, 
    0x20, 0x20, 0x20, 0x20, 0x20, 0x20, 0x20, 0x20, 0x20, 0x20, 0x20, 0x20, 0x20, 0x20, 0x20, 0x20, 
    0x20, 0x20, 0x20, 0x20, 0x20, 0x20, 0x20, 0x63, 0x6F, 0x6E, 0x73, 0x74, 0x20, 0x72, 0x65, 0x6D, 
    0x61, 0x69, 0x6E, 0x69, 0x6E, 0x67, 0x53, 0x6C, 0x69, 0x63, 0x65, 0x20, 0x3D, 0x20, 0x73, 0x72, 
    0x63, 0x41, 0x72, 0x72, 0x61, 0x79, 0x2E, 0x73, 0x75, 0x62, 0x61, 0x72, 0x72, 0x61, 0x79, 0x28, 
    0x73, 0x72, 0x63, 0x4F, 0x66, 0x66, 0x73, 0x65, 0x74, 0x2C, 0x20, 0x73, 0x72, 0x63, 0x4F, 0x66, 
    0x66, 0x73, 0x65, 0x74, 0x20, 0x2B, 0x20, 0x72, 0x65, 0x6D, 0x61, 0x69, 0x6E, 0x69, 0x6E, 0x67, 
    0x29, 0x3B, 0x0D, 0x0A, 0x20, 0x20, 0x20, 0x20, 0x20, 0x20, 0x20, 0x20, 0x20, 0x20, 0x20, 0x20, 
    0x20, 0x20, 0x20, 0x20, 0x20, 0x20, 0x20, 0x20, 0x20, 0x20, 0x20, 0x20, 0x6E, 0x65, 0x77, 0x46, 
    0x72, 0x61, 0x6D, 0x65, 0x42, 0x75, 0x66, 0x66, 0x65, 0x72, 0x2E, 0x73, 0x65, 0x74, 0x28, 0x72, 
    0x65, 0x6D, 0x61, 0x69, 0x6E, 0x69, 0x6E, 0x67, 0x53, 0x6C, 0x69, 0x63, 0x65, 0x2C, 0x20, 0x64, 
    0x73, 0x74, 0x4F, 0x66, 0x66, 0x73, 0x65, 0x74, 0x29, 0x3B, 0x0D, 0x0A, 0x20, 0x20, 0x20, 0x20, 
    0x20, 0x20, 0x20, 0x20, 0x20, 0x20, 0x20, 0x20, 0x20, 0x20, 0x20, 0x20, 0x20, 0x20, 0x20, 0x20, 
    0x20, 0x20, 0x20, 0x20, 0x62, 0x72, 0x65, 0x61, 0x6B, 0x3B, 0x0D, 0x0A, 0x20, 0x20, 0x20, 0x20, 
    0x20, 0x20, 0x20, 0x20, 0x20, 0x20, 0x20, 0x20, 0x20, 0x20, 0x20, 0x20, 0x20, 0x20, 0x20, 0x20, 
    0x7D, 0x0D, 0x0A, 0x20, 0x20, 0x20, 0x20, 0x20, 0x20, 0x20, 0x20, 0x20, 0x20, 0x20, 0x20, 0x20, 
    0x20, 0x20, 0x20, 0x7D, 0x0D, 0x0A, 0x0D, 0x0A, 0x20, 0x20, 0x20, 0x20, 0x20, 0x20, 0x20, 0x20, 
    0x20, 0x20, 0x20, 0x20, 0x20, 0x20, 0x20, 0x20, 0x63, 0x6C, 0x69, 0x65, 0x6E, 0x74, 0x46, 0x72, 
    0x61, 0x6D, 0x65, 0x42, 0x75, 0x66, 0x66, 0x65, 0x72, 0x20, 0x3D, 0x20, 0x6E, 0x65, 0x77, 0x46, 
    0x72, 0x61, 0x6D, 0x65, 0x42, 0x75, 0x66, 0x66, 0x65, 0x72, 0x3B, 0x0D, 0x0A, 0x20, 0x20, 0x20, 
    0x20, 0x20, 0x20, 0x20, 0x20, 0x20, 0x20, 0x20, 0x20, 0x20, 0x20, 0x20, 0x20, 0x72, 0x65, 0x6E, 
    0x64, 0x65, 0x72, 0x49, 0x6D, 0x47, 0x75, 0x69, 0x46, 0x72, 0x61, 0x6D, 0x65, 0x28, 0x63, 0x6C, 
    0x69, 0x65, 0x6E, 0x74, 0x46, 0x72, 0x61, 0x6D, 0x65, 0x42, 0x75, 0x66, 0x66, 0x65, 0x72, 0x2E, 
    0x62, 0x75, 0x66, 0x66, 0x65, 0x72, 0x29, 0x3B, 0x0D, 0x0A, 0x20, 0x20, 0x20, 0x20, 0x20, 0x20, 
    0x20, 0x20, 0x20, 0x20, 0x20, 0x20, 0x7D, 0x0D, 0x0A, 0x20, 0x20, 0x20, 0x20, 0x20, 0x20, 0x20, 
    0x20, 0x20, 0x20, 0x20, 0x20, 0x2F, 0x2F, 0x20, 0x70, 0x61, 0x63, 0x6B, 0x65, 0x74, 0x20, 0x74, 
    0x79, 0x70, 0x65, 0x20, 0x34, 0x3A, 0x20, 0x66, 0x69, 0x6C, 0x65, 0x20, 0x64, 0x6F, 0x77, 0x6E, 
    0x6C, 0x6F, 0x61, 0x64, 0x20, 0x66, 0x72, 0x6F, 0x6D, 0x20, 0x73, 0x65, 0x72, 0x76, 0x65, 0x72, 
    0x0D, 0x0A, 0x20, 0x20, 0x20, 0x20, 0x20, 0x20, 0x20, 0x20, 0x20, 0x20, 0x20, 0x20, 0x65, 0x6C, 
    0x73, 0x65, 0x20, 0x69, 0x66, 0x20, 0x28, 0x70, 0x61, 0x63, 0x6B, 0x65, 0x74, 0x54, 0x79, 0x70, 
    0x65, 0x20, 0x3D, 0x3D, 0x3D, 0x20, 0x34, 0x29, 0x20, 0x7B, 0x0D, 0x0A, 0x20, 0x20, 0x20, 0x20, 
    0x20, 0x20, 0x20, 0x20, 0x20, 0x20, 0x20, 0x20, 0x20, 0x20, 0x20, 0x20, 0x63, 0x6F, 0x6E, 0x73, 
    0x74, 0x20, 0x6E, 0x61, 0x6D, 0x65, 0x5F, 0x6C, 0x65, 0x6E, 0x20, 0x3D, 0x20, 0x76, 0x69, 0x65, 
    0x77, 0x2E, 0x67, 0x65, 0x74, 0x55, 0x69, 0x6E, 0x74, 0x33, 0x32, 0x28, 0x34, 0x2C, 0x20, 0x74, 
    0x72, 0x75, 0x65, 0x29, 0x3B, 0x0D, 0x0A, 0x20, 0x20, 0x20, 0x20, 0x20, 0x20, 0x20, 0x20, 0x20, 
    0x20, 0x20, 0x20, 0x20, 0x20, 0x20, 0x20, 0x63, 0x6F, 0x6E, 0x73, 0x74, 0x20, 0x6E, 0x61, 0x6D, 
    0x65, 0x42, 0x79, 0x74, 0x65, 0x73, 0x20, 0x3D, 0x20, 0x6E, 0x65, 0x77, 0x20, 0x55, 0x69, 0x6E, 
    0x74, 0x38, 0x41, 0x72, 0x72, 0x61, 0x79, 0x28, 0x62, 0x75, 0x66, 0x66, 0x65, 0x72, 0x2C, 0x20, 
    0x38, 0x2C, 0x20, 0x6E, 0x61, 0x6D, 0x65, 0x5F, 0x6C, 0x65, 0x6E, 0x29, 0x3B, 0x0D, 0x0A, 0x20, 
    0x20, 0x20, 0x20, 0x20, 0x20, 0x20, 0x20, 0x20, 0x20, 0x20, 0x20, 0x20, 0x20, 0x20, 0x20, 0x63, 
    0x6F, 0x6E, 0x73, 0x74, 0x20, 0x66, 0x69, 0x6C, 0x65, 0x6E, 0x61, 0x6D, 0x65, 0x20, 0x3D, 0x20, 
    0x6E, 0x65, 0x77, 0x20, 0x54, 0x65, 0x78, 0x74, 0x44, 0x65, 0x63, 0x6F, 0x64, 0x65, 0x72, 0x28, 
    0x22, 0x75, 0x74, 0x66, 0x2D, 0x38, 0x22, 0x29, 0x2E, 0x64, 0x65, 0x63, 0x6F, 0x64, 0x65, 0x28, 
    0x6E, 0x61, 0x6D, 0x65, 0x42, 0x79, 0x74, 0x65, 0x73, 0x29, 0x3B, 0x0D, 0x0A, 0x20, 0x20, 0x20, 
    0x20, 0x20, 0x20, 0x20, 0x20, 0x20, 0x20, 0x20, 0x20, 0x20, 0x20, 0x20, 0x20, 0x63, 0x6F, 0x6E, 
    0x73, 0x74, 0x20, 0x66, 0x69, 0x6C, 0x65, 0x44, 0x61, 0x74, 0x61, 0x20, 0x3D, 0x20, 0x62, 0x75, 
    0x66, 0x66, 0x65, 0x72, 0x2E, 0x73, 0x6C, 0x69, 0x63, 0x65, 0x28, 0x38, 0x20, 0x2B, 0x20, 0x6E, 
    0x61, 0x6D, 0x65, 0x5F, 0x6C, 0x65, 0x6E, 0x29, 0x3B, 0x0D, 0x0A, 0x20, 0x20, 0x20, 0x20, 0x20, 
    0x20, 0x20, 0x20, 0x20, 0x20, 0x20, 0x20, 0x20, 0x20, 0x20, 0x20, 0x0D, 0x0A, 0x20, 0x20, 0x20, 
    0x20, 0x20, 0x20, 0x20, 0x20, 0x20, 0x20, 0x20, 0x20, 0x20, 0x20, 0x20, 0x20, 0x63, 0x6F, 0x6E, 
    0x73, 0x74, 0x20, 0x62, 0x6C, 0x6F, 0x62, 0x20, 0x3D, 0x20, 0x6E, 0x65, 0x77, 0x20, 0x42, 0x6C, 
    0x6F, 0x62, 0x28, 0x5B, 0x66, 0x69, 0x6C, 0x65, 0x44, 0x61, 0x74, 0x61, 0x5D, 0x2C, 0x20, 0x7B, 
    0x20, 0x74, 0x79, 0x70, 0x65, 0x3A, 0x20, 0x22, 0x61, 0x70, 0x70, 0x6C, 0x69, 0x63, 0x61, 0x74, 
    0x69, 0x6F, 0x6E, 0x2F, 0x6F, 0x63, 0x74, 0x65, 0x74, 0x2D, 0x73, 0x74, 0x72, 0x65, 0x61, 0x6D, 
    0x22, 0x20, 0x7D, 0x29, 0x3B, 0x0D, 0x0A, 0x20, 0x20, 0x20, 0x20, 0x20, 0x20, 0x20, 0x20, 0x20, 
    0x20, 0x20, 0x20, 0x20, 0x20, 0x20, 0x20, 0x63, 0x6F, 0x6E, 0x73, 0x74, 0x20, 0x75, 0x72, 0x6C, 
    0x20, 0x3D, 0x20, 0x77, 0x69, 0x6E, 0x64, 0x6F, 0x77, 0x2E, 0x55, 0x52, 0x4C, 0x2E, 0x63, 0x72, 
    0x65, 0x61, 0x74, 0x65, 0x4F, 0x62, 0x6A, 0x65, 0x63, 0x74, 0x55, 0x52, 0x4C, 0x28, 0x62, 0x6C, 
    0x6F, 0x62, 0x29, 0x3B, 0x0D, 0x0A, 0x20, 0x20, 0x20, 0x20, 0x20, 0x20, 0x20, 0x20, 0x20, 0x20, 
    0x20, 0x20, 0x20, 0x20, 0x20, 0x20, 0x63, 0x6F, 0x6E, 0x73, 0x74, 0x20, 0x61, 0x20, 0x3D, 0x20, 
    0x64, 0x6F, 0x63, 0x75, 0x6D, 0x65, 0x6E, 0x74, 0x2E, 0x63, 0x72, 0x65, 0x61, 0x74, 0x65, 0x45, 
    0x6C, 0x65, 0x6D, 0x65, 0x6E, 0x74, 0x28, 0x22, 0x61, 0x22, 0x29, 0x3B, 0x0D, 0x0A, 0x20, 0x20, 
    0x20, 0x20, 0x20, 0x20, 0x20, 0x20, 0x20, 0x20, 0x20, 0x20, 0x20, 0x20, 0x20, 0x20, 0x61, 0x2E, 
    0x68, 0x72, 0x65, 0x66, 0x20, 0x3D, 0x20, 0x75, 0x72, 0x6C, 0x3B, 0x0D, 0x0A, 0x20, 0x20, 0x20, 
    0x20, 0x20, 0x20, 0x20, 0x20, 0x20, 0x20, 0x20, 0x20, 0x20, 0x20, 0x20, 0x20, 0x61, 0x2E, 0x64, 
    0x6F, 0x77, 0x6E, 0x6C, 0x6F, 0x61, 0x64, 0x20, 0x3D, 0x20, 0x66, 0x69, 0x6C, 0x65, 0x6E, 0x61, 
    0x6D, 0x65, 0x3B, 0x0D, 0x0A, 0x20, 0x20, 0x20, 0x20, 0x20, 0x20, 0x20, 0x20, 0x20, 0x20, 0x20, 
    0x20, 0x20, 0x20, 0x20, 0x20, 0x64, 0x6F, 0x63, 0x75, 0x6D, 0x65, 0x6E, 0x74, 0x2E, 0x62, 0x6F, 
    0x64, 0x79, 0x2E, 0x61, 0x70, 0x70, 0x65, 0x6E, 0x64, 0x43, 0x68, 0x69, 0x6C, 0x64, 0x28, 0x61, 
    0x29, 0x3B, 0x0D, 0x0A, 0x20, 0x20, 0x20, 0x20, 0x20, 0x20, 0x20, 0x20, 0x20, 0x20, 0x20, 0x20, 
    0x20, 0x20, 0x20, 0x20, 0x61, 0x2E, 0x63, 0x6C, 0x69, 0x63, 0x6B, 0x28, 0x29, 0x3B, 0x0D, 0x0A, 
    0x20, 0x20, 0x20, 0x20, 0x20, 0x20, 0x20, 0x20, 0x20, 0x20, 0x20, 0x20, 0x20, 0x20, 0x20, 0x20, 
    0x77, 0x69, 0x6E, 0x64, 0x6F, 0x77, 0x2E, 0x55, 0x52, 0x4C, 0x2E, 0x72, 0x65, 0x76, 0x6F, 0x6B, 
    0x65, 0x4F, 0x62, 0x6A, 0x65, 0x63, 0x74, 0x55, 0x52, 0x4C, 0x28, 0x75, 0x72, 0x6C, 0x29, 0x3B, 
    0x0D, 0x0A, 0x20, 0x20, 0x20, 0x20, 0x20, 0x20, 0x20, 0x20, 0x20, 0x20, 0x20, 0x20, 0x20, 0x20, 
    0x20, 0x20, 0x61, 0x2E, 0x72, 0x65, 0x6D, 0x6F, 0x76, 0x65, 0x28, 0x29, 0x3B, 0x0D, 0x0A, 0x20, 
    0x20, 0x20, 0x20, 0x20, 0x20, 0x20, 0x20, 0x20, 0x20, 0x20, 0x20, 0x20, 0x20, 0x20, 0x20, 0x63, 
    0x6F, 0x6E, 0x73, 0x6F, 0x6C, 0x65, 0x2E, 0x6C, 0x6F, 0x67, 0x28, 0x60, 0x46, 0x69, 0x6C, 0x65, 
    0x20, 0x24, 0x7B, 0x66, 0x69, 0x6C, 0x65, 0x6E, 0x61, 0x6D, 0x65, 0x7D, 0x20, 0x64, 0x6F, 0x77, 
    0x6E, 0x6C, 0x6F, 0x61, 0x64, 0x65, 0x64, 0x20, 0x73, 0x75, 0x63, 0x63, 0x65, 0x73, 0x73, 0x66, 
    0x75, 0x6C, 0x6C, 0x79, 0x60, 0x29, 0x3B, 0x0D, 0x0A, 0x20, 0x20, 0x20, 0x20, 0x20, 0x20, 0x20, 
    0x20, 0x20, 0x20, 0x20, 0x20, 0x7D, 0x0D, 0x0A, 0x09, 0x09, 0x09, 0x2F, 0x2F, 0x20, 0x70, 0x61, 
    0x63, 0x6B, 0x65, 0x74, 0x20, 0x74, 0x79, 0x70, 0x65, 0x20, 0x36, 0x3A, 0x20, 0x64, 0x79, 0x6E, 
    0x61, 0x6D, 0x69, 0x63, 0x20, 0x74, 0x65, 0x78, 0x74, 0x75, 0x72, 0x65, 0x2F, 0x69, 0x6D, 0x61, 
    0x67, 0x65, 0x20, 0x66, 0x72, 0x6F, 0x6D, 0x20, 0x73, 0x65, 0x72, 0x76, 0x65, 0x72, 0x0D, 0x0A, 
    0x20, 0x20, 0x20, 0x20, 0x20, 0x20, 0x20, 0x20, 0x20, 0x20, 0x20, 0x65, 0x6C, 0x73, 0x65, 0x20, 
    0x69, 0x66, 0x20, 0x28, 0x70, 0x61, 0x63, 0x6B, 0x65, 0x74, 0x54, 0x79, 0x70, 0x65, 0x20, 0x3D, 
    0x3D, 0x3D, 0x20, 0x36, 0x29, 0x20, 0x7B, 0x0D, 0x0A, 0x20, 0x20, 0x20, 0x20, 0x20, 0x20, 0x20, 
    0x20, 0x20, 0x20, 0x20, 0x20, 0x20, 0x20, 0x20, 0x20, 0x63, 0x6F, 0x6E, 0x73, 0x74, 0x20, 0x74, 
    0x65, 0x78, 0x74, 0x75, 0x72, 0x65, 0x49, 0x64, 0x20, 0x3D, 0x20, 0x76, 0x69, 0x65, 0x77, 0x2E, 
    0x67, 0x65, 0x74, 0x55, 0x69, 0x6E, 0x74, 0x33, 0x32, 0x28, 0x34, 0x2C, 0x20, 0x74, 0x72, 0x75, 
    0x65, 0x29, 0x3B, 0x0D, 0x0A, 0x20, 0x20, 0x20, 0x20, 0x20, 0x20, 0x20, 0x20, 0x20, 0x20, 0x20, 
    0x20, 0x20, 0x20, 0x20, 0x20, 0x63, 0x6F, 0x6E, 0x73, 0x74, 0x20, 0x77, 0x69, 0x64, 0x74, 0x68, 
    0x20, 0x3D, 0x20, 0x76, 0x69, 0x65, 0x77, 0x2E, 0x67, 0x65, 0x74, 0x55, 0x69, 0x6E, 0x74, 0x33, 
    0x32, 0x28, 0x38, 0x2C, 0x20, 0x74, 0x72, 0x75, 0x65, 0x29, 0x3B, 0x0D, 0x0A, 0x20, 0x20, 0x20, 
    0x20, 0x20, 0x20, 0x20, 0x20, 0x20, 0x20, 0x20, 0x20, 0x20, 0x20, 0x20, 0x20, 0x63, 0x6F, 0x6E, 
    0x73, 0x74, 0x20, 0x68, 0x65, 0x69, 0x67, 0x68, 0x74, 0x20, 0x3D, 0x20, 0x76, 0x69, 0x65, 0x77, 
    0x2E, 0x67, 0x65, 0x74, 0x55, 0x69, 0x6E, 0x74, 0x33, 0x32, 0x28, 0x31, 0x32, 0x2C, 0x20, 0x74, 
    0x72, 0x75, 0x65, 0x29, 0x3B, 0x0D, 0x0A, 0x20, 0x20, 0x20, 0x20, 0x20, 0x20, 0x20, 0x20, 0x20, 
    0x20, 0x20, 0x20, 0x20, 0x20, 0x20, 0x20, 0x63, 0x6F, 0x6E, 0x73, 0x74, 0x20, 0x72, 0x67, 0x62, 
    0x61, 0x44, 0x61, 0x74, 0x61, 0x20, 0x3D, 0x20, 0x6E, 0x65, 0x77, 0x20, 0x55, 0x69, 0x6E, 0x74, 
    0x38, 0x41, 0x72, 0x72, 0x61, 0x79, 0x28, 0x62, 0x75, 0x66, 0x66, 0x65, 0x72, 0x2C, 0x20, 0x31, 
    0x36, 0x2C, 0x20, 0x77, 0x69, 0x64, 0x74, 0x68, 0x20, 0x2A, 0x20, 0x68, 0x65, 0x69, 0x67, 0x68, 
    0x74, 0x20, 0x2A, 0x20, 0x34, 0x29, 0x3B, 0x0D, 0x0A, 0x0D, 0x0A, 0x20, 0x20, 0x20, 0x20, 0x20, 
    0x20, 0x20, 0x20, 0x20, 0x20, 0x20, 0x20, 0x20, 0x20, 0x20, 0x20, 0x2F, 0x2F, 0x20, 0x69, 0x66, 
    0x20, 0x74, 0x65, 0x78, 0x74, 0x75, 0x72, 0x65, 0x20, 0x61, 0x6C, 0x72, 0x65, 0x61, 0x64, 0x79, 
    0x20, 0x65, 0x78, 0x69, 0x73, 0x74, 0x73, 0x0D, 0x0A, 0x20, 0x20, 0x20, 0x20, 0x20, 0x20, 0x20, 
    0x20, 0x20, 0x20, 0x20, 0x20, 0x20, 0x20, 0x20, 0x20, 0x6C, 0x65, 0x74, 0x20, 0x74, 0x65, 0x78, 
    0x20, 0x3D, 0x20, 0x74, 0x65, 0x78, 0x74, 0x75, 0x72, 0x65, 0x73, 0x5B, 0x74, 0x65, 0x78, 0x74, 
    0x75, 0x72, 0x65, 0x49, 0x64, 0x5D, 0x3B, 0x0D, 0x0A, 0x20, 0x20, 0x20, 0x20, 0x20, 0x20, 0x20, 
    0x20, 0x20, 0x20, 0x20, 0x20, 0x20, 0x20, 0x20, 0x20, 0x69, 0x66, 0x20, 0x28, 0x21, 0x74, 0x65, 
    0x78, 0x29, 0x20, 0x7B, 0x0D, 0x0A, 0x20, 0x20, 0x20, 0x20, 0x20, 0x20, 0x20, 0x20, 0x20, 0x20, 
    0x20, 0x20, 0x20, 0x20, 0x20, 0x20, 0x20, 0x20, 0x20, 0x20, 0x74, 0x65, 0x78, 0x20, 0x3D, 0x20, 
    0x67, 0x6C, 0x2E, 0x63, 0x72, 0x65, 0x61, 0x74, 0x65, 0x54, 0x65, 0x78, 0x74, 0x75, 0x72, 0x65, 
    0x28, 0x29, 0x3B, 0x0D, 0x0A, 0x20, 0x20, 0x20, 0x20, 0x20, 0x20, 0x20, 0x20, 0x20, 0x20, 0x20, 
    0x20, 0x20, 0x20, 0x20, 0x20, 0x20, 0x20, 0x20, 0x20, 0x74, 0x65, 0x78, 0x74, 0x75, 0x72, 0x65, 
    0x73, 0x5B, 0x74, 0x65, 0x78, 0x74, 0x75, 0x72, 0x65, 0x49, 0x64, 0x5D, 0x20, 0x3D, 0x20, 0x74, 
    0x65, 0x78, 0x3B, 0x0D, 0x0A, 0x20, 0x20, 0x20, 0x20, 0x20, 0x20, 0x20, 0x20, 0x20, 0x20, 0x20, 
    0x20, 0x20, 0x20, 0x20, 0x20, 0x7D, 0x0D, 0x0A, 0x0D, 0x0A, 0x20, 0x20, 0x20, 0x20, 0x20, 0x20, 
    0x20, 0x20, 0x20, 0x20, 0x20, 0x20, 0x20, 0x20, 0x20, 0x20, 0x67, 0x6C, 0x2E, 0x62, 0x69, 0x6E, 
    0x64, 0x54, 0x65, 0x78, 0x74, 0x75, 0x72, 0x65, 0x28, 0x67, 0x6C, 0x2E, 0x54, 0x45, 0x58, 0x54, 
    0x55, 0x52, 0x45, 0x5F, 0x32, 0x44, 0x2C, 0x20, 0x74, 0x65, 0x78, 0x29, 0x3B, 0x0D, 0x0A, 0x20, 
    0x20, 0x20, 0x20, 0x20, 0x20, 0x20, 0x20, 0x20, 0x20, 0x20, 0x20, 0x20, 0x20, 0x20, 0x20, 0x67, 
    0x6C, 0x2E, 0x74, 0x65, 0x78, 0x49, 0x6D, 0x61, 0x67, 0x65, 0x32, 0x44, 0x28, 0x67, 0x6C, 0x2E, 
    0x54, 0x45, 0x58, 0x54, 0x55, 0x52, 0x45, 0x5F, 0x32, 0x44, 0x2C, 0x20, 0x30, 0x2C, 0x20, 0x67, 
    0x6C, 0x2E, 0x52, 0x47, 0x42, 0x41, 0x2C, 0x20, 0x77, 0x69, 0x64, 0x74, 0x68, 0x2C, 0x20, 0x68, 
    0x65, 0x69, 0x67, 0x68, 0x74, 0x2C, 0x20, 0x30, 0x2C, 0x20, 0x67, 0x6C, 0x2E, 0x52, 0x47, 0x42, 
    0x41, 0x2C, 0x20, 0x67, 0x6C, 0x2E, 0x55, 0x4E, 0x53, 0x49, 0x47, 0x4E, 0x45, 0x44, 0x5F, 0x42, 
    0x59, 0x54, 0x45, 0x2C, 0x20, 0x72, 0x67, 0x62, 0x61, 0x44, 0x61, 0x74, 0x61, 0x29, 0x3B, 0x0D, 
    0x0A, 0x20, 0x20, 0x20, 0x20, 0x20, 0x20, 0x20, 0x20, 0x20, 0x20, 0x20, 0x20, 0x20, 0x20, 0x20, 
    0x20, 0x0D, 0x0A, 0x20, 0x20, 0x20, 0x20, 0x20, 0x20, 0x20, 0x20, 0x20, 0x20, 0x20, 0x20, 0x20, 
    0x20, 0x20, 0x20, 0x2F, 0x2F, 0x20, 0x74, 0x65, 0x78, 0x20, 0x66, 0x69, 0x6C, 0x74, 0x65, 0x72, 
    0x73, 0x0D, 0x0A, 0x20, 0x20, 0x20, 0x20, 0x20, 0x20, 0x20, 0x20, 0x20, 0x20, 0x20, 0x20, 0x20, 
    0x20, 0x20, 0x20, 0x67, 0x6C, 0x2E, 0x74, 0x65, 0x78, 0x50, 0x61, 0x72, 0x61, 0x6D, 0x65, 0x74, 
    0x65, 0x72, 0x69, 0x28, 0x67, 0x6C, 0x2E, 0x54, 0x45, 0x58, 0x54, 0x55, 0x52, 0x45, 0x5F, 0x32, 
    0x44, 0x2C, 0x20, 0x67, 0x6C, 0x2E, 0x54, 0x45, 0x58, 0x54, 0x55, 0x52, 0x45, 0x5F, 0x4D, 0x49, 
    0x4E, 0x5F, 0x46, 0x49, 0x4C, 0x54, 0x45, 0x52, 0x2C, 0x20, 0x67, 0x6C, 0x2E, 0x4C, 0x49, 0x4E, 
    0x45, 0x41, 0x52, 0x29, 0x3B, 0x0D, 0x0A, 0x20, 0x20, 0x20, 0x20, 0x20, 0x20, 0x20, 0x20, 0x20, 
    0x20, 0x20, 0x20, 0x20, 0x20, 0x20, 0x20, 0x67, 0x6C, 0x2E, 0x74, 0x65, 0x78, 0x50, 0x61, 0x72, 
    0x61, 0x6D, 0x65, 0x74, 0x65, 0x72, 0x69, 0x28, 0x67, 0x6C, 0x2E, 0x54, 0x45, 0x58, 0x54, 0x55, 
    0x52, 0x45, 0x5F, 0x32, 0x44, 0x2C, 0x20, 0x67, 0x6C, 0x2E, 0x54, 0x45, 0x58, 0x54, 0x55, 0x52, 
    0x45, 0x5F, 0x4D, 0x41, 0x47, 0x5F, 0x46, 0x49, 0x4C, 0x54, 0x45, 0x52, 0x2C, 0x20, 0x67, 0x6C, 
    0x2E, 0x4C, 0x49, 0x4E, 0x45, 0x41, 0x52, 0x29, 0x3B, 0x0D, 0x0A, 0x20, 0x20, 0x20, 0x20, 0x20, 
    0x20, 0x20, 0x20, 0x20, 0x20, 0x20, 0x20, 0x20, 0x20, 0x20, 0x20, 0x67, 0x6C, 0x2E, 0x74, 0x65, 
    0x78, 0x50, 0x61, 0x72, 0x61, 0x6D, 0x65, 0x74, 0x65, 0x72, 0x69, 0x28, 0x67, 0x6C, 0x2E, 0x54, 
    0x45, 0x58, 0x54, 0x55, 0x52, 0x45, 0x5F, 0x32, 0x44, 0x2C, 0x20, 0x67, 0x6C, 0x2E, 0x54, 0x45, 
    0x58, 0x54, 0x55, 0x52, 0x45, 0x5F, 0x57, 0x52, 0x41, 0x50, 0x5F, 0x53, 0x2C, 0x20, 0x67, 0x6C, 
    0x2E, 0x43, 0x4C, 0x41, 0x4D, 0x50, 0x5F, 0x54, 0x4F, 0x5F, 0x45, 0x44, 0x47, 0x45, 0x29, 0x3B, 
    0x0D, 0x0A, 0x20, 0x20, 0x20, 0x20, 0x20, 0x20, 0x20, 0x20, 0x20, 0x20, 0x20, 0x20, 0x20, 0x20, 
    0x20, 0x20, 0x67, 0x6C, 0x2E, 0x74, 0x65, 0x78, 0x50, 0x61, 0x72, 0x61, 0x6D, 0x65, 0x74, 0x65, 
    0x72, 0x69, 0x28, 0x67, 0x6C, 0x2E, 0x54, 0x45, 0x58, 0x54, 0x55, 0x52, 0x45, 0x5F, 0x32, 0x44, 
    0x2C, 0x20, 0x67, 0x6C, 0x2E, 0x54, 0x45, 0x58, 0x54, 0x55, 0x52, 0x45, 0x5F, 0x57, 0x52, 0x41, 
    0x50, 0x5F, 0x54, 0x2C, 0x20, 0x67, 0x6C, 0x2E, 0x43, 0x4C, 0x41, 0x4D, 0x50, 0x5F, 0x54, 0x4F, 
    0x5F, 0x45, 0x44, 0x47, 0x45, 0x29, 0x3B, 0x0D, 0x0A, 0x20, 0x20, 0x20, 0x20, 0x20, 0x20, 0x20, 
    0x20, 0x20, 0x20, 0x20, 0x20, 0x20, 0x20, 0x20, 0x20, 0x0D, 0x0A, 0x20, 0x20, 0x20, 0x20, 0x20, 
    0x20, 0x20, 0x20, 0x20, 0x20, 0x20, 0x20, 0x20, 0x20, 0x20, 0x20, 0x63, 0x6F, 0x6E, 0x73, 0x6F, 
    0x6C, 0x65, 0x2E, 0x6C, 0x6F, 0x67, 0x28, 0x60, 0x5B, 0x57, 0x65, 0x62, 0x47, 0x4C, 0x5D, 0x20, 
    0xD0, 0xA2, 0xD0, 0xB5, 0xD0, 0xBA, 0xD1, 0x81, 0xD1, 0x82, 0xD1, 0x83, 0xD1, 0x80, 0xD0, 0xB0, 
    0x20, 0x49, 0x44, 0x20, 0x24, 0x7B, 0x74, 0x65, 0x78, 0x74, 0x75, 0x72, 0x65, 0x49, 0x64, 0x7D, 
    0x20, 0x28, 0x24, 0x7B, 0x77, 0x69, 0x64, 0x74, 0x68, 0x7D, 0x78, 0x24, 0x7B, 0x68, 0x65, 0x69, 
    0x67, 0x68, 0x74, 0x7D, 0x29, 0x20, 0xD1, 0x81, 0xD0, 0xBE, 0xD0, 0xB7, 0xD0, 0xB4, 0xD0, 0xB0, 
    0xD0, 0xBD, 0xD0, 0xB0, 0x2F, 0xD0, 0xBE, 0xD0, 0xB1, 0xD0, 0xBD, 0xD0, 0xBE, 0xD0, 0xB2, 0xD0, 
    0xBB, 0xD0, 0xB5, 0xD0, 0xBD, 0xD0, 0xB0, 0x2E, 0x60, 0x29, 0x3B, 0x0D, 0x0A, 0x20, 0x20, 0x20, 
    0x20, 0x20, 0x20, 0x20, 0x20, 0x20, 0x20, 0x20, 0x20, 0x7D, 0x0D, 0x0A, 0x0D, 0x0A, 0x20, 0x20, 
    0x20, 0x20, 0x20, 0x20, 0x20, 0x20, 0x20, 0x20, 0x20, 0x20, 0x2F, 0x2F, 0x20, 0x70, 0x61, 0x63, 
    0x6B, 0x65, 0x74, 0x20, 0x74, 0x79, 0x70, 0x65, 0x20, 0x36, 0x3A, 0x20, 0x72, 0x65, 0x6D, 0x6F, 
    0x76, 0x65, 0x20, 0x74, 0x65, 0x78, 0x74, 0x75, 0x72, 0x65, 0x20, 0x66, 0x72, 0x6F, 0x6D, 0x20, 
    0x76, 0x69, 0x64, 0x65, 0x6F, 0x6D, 0x65, 0x6D, 0x6F, 0x72, 0x79, 0x0D, 0x0A, 0x20, 0x20, 0x20, 
    0x20, 0x20, 0x20, 0x20, 0x20, 0x20, 0x20, 0x20, 0x20, 0x65, 0x6C, 0x73, 0x65, 0x20, 0x69, 0x66, 
    0x20, 0x28, 0x70, 0x61, 0x63, 0x6B, 0x65, 0x74, 0x54, 0x79, 0x70, 0x65, 0x20, 0x3D, 0x3D, 0x3D, 
    0x20, 0x37, 0x29, 0x20, 0x7B, 0x0D, 0x0A, 0x20, 0x20, 0x20, 0x20, 0x20, 0x20, 0x20, 0x20, 0x20, 
    0x20, 0x20, 0x20, 0x20, 0x20, 0x20, 0x20, 0x63, 0x6F, 0x6E, 0x73, 0x74, 0x20, 0x74, 0x65, 0x78, 
    0x74, 0x75, 0x72, 0x65, 0x49, 0x64, 0x20, 0x3D, 0x20, 0x76, 0x69, 0x65, 0x77, 0x2E, 0x67, 0x65, 
    0x74, 0x55, 0x69, 0x6E, 0x74, 0x33, 0x32, 0x28, 0x34, 0x2C, 0x20, 0x74, 0x72, 0x75, 0x65, 0x29, 
    0x3B, 0x0D, 0x0A, 0x20, 0x20, 0x20, 0x20, 0x20, 0x20, 0x20, 0x20, 0x20, 0x20, 0x20, 0x20, 0x20, 
    0x20, 0x20, 0x20, 0x63, 0x6F, 0x6E, 0x73, 0x74, 0x20, 0x74, 0x65, 0x78, 0x20, 0x3D, 0x20, 0x74, 
    0x65, 0x78, 0x74, 0x75, 0x72, 0x65, 0x73, 0x5B, 0x74, 0x65, 0x78, 0x74, 0x75, 0x72, 0x65, 0x49, 
    0x64, 0x5D, 0x3B, 0x0D, 0x0A, 0x20, 0x20, 0x20, 0x20, 0x20, 0x20, 0x20, 0x20, 0x20, 0x20, 0x20, 
    0x20, 0x20, 0x20, 0x20, 0x20, 0x0D, 0x0A, 0x20, 0x20, 0x20, 0x20, 0x20, 0x20, 0x20, 0x20, 0x20, 
    0x20, 0x20, 0x20, 0x20, 0x20, 0x20, 0x20, 0x69, 0x66, 0x20, 0x28, 0x74, 0x65, 0x78, 0x29, 0x20, 
    0x7B, 0x0D, 0x0A, 0x20, 0x20, 0x20, 0x20, 0x20, 0x20, 0x20, 0x20, 0x20, 0x20, 0x20, 0x20, 0x20, 
    0x20, 0x20, 0x20, 0x20, 0x20, 0x20, 0x20, 0x67, 0x6C, 0x2E, 0x64, 0x65, 0x6C, 0x65, 0x74, 0x65, 
    0x54, 0x65, 0x78, 0x74, 0x75, 0x72, 0x65, 0x28, 0x74, 0x65, 0x78, 0x29, 0x3B, 0x20, 0x2F, 0x2F, 
    0x20, 0x66, 0x72, 0x65, 0x65, 0x20, 0x66, 0x72, 0x6F, 0x6D, 0x20, 0x47, 0x4C, 0x20, 0x6D, 0x65, 
    0x6D, 0x6F, 0x72, 0x79, 0x0D, 0x0A, 0x20, 0x20, 0x20, 0x20, 0x20, 0x20, 0x20, 0x20, 0x20, 0x20, 
    0x20, 0x20, 0x20, 0x20, 0x20, 0x20, 0x20, 0x20, 0x20, 0x20, 0x64, 0x65, 0x6C, 0x65, 0x74, 0x65, 
    0x20, 0x74, 0x65, 0x78, 0x74, 0x75, 0x72, 0x65, 0x73, 0x5B, 0x74, 0x65, 0x78, 0x74, 0x75, 0x72, 
    0x65, 0x49, 0x64, 0x5D, 0x3B, 0x20, 0x2F, 0x2F, 0x20, 0x64, 0x65, 0x6C, 0x65, 0x74, 0x65, 0x20, 
    0x66, 0x72, 0x6F, 0x6D, 0x20, 0x74, 0x65, 0x78, 0x74, 0x75, 0x72, 0x65, 0x73, 0x20, 0x61, 0x72, 
    0x72, 0x61, 0x79, 0x0D, 0x0A, 0x20, 0x20, 0x20, 0x20, 0x20, 0x20, 0x20, 0x20, 0x20, 0x20, 0x20, 
    0x20, 0x20, 0x20, 0x20, 0x20, 0x20, 0x20, 0x20, 0x20, 0x63, 0x6F, 0x6E, 0x73, 0x6F, 0x6C, 0x65, 
    0x2E, 0x6C, 0x6F, 0x67, 0x28, 0x60, 0x5B, 0x57, 0x65, 0x62, 0x47, 0x4C, 0x5D, 0x20, 0x54, 0x65, 
    0x78, 0x74, 0x75, 0x72, 0x65, 0x20, 0x49, 0x44, 0x20, 0x24, 0x7B, 0x74, 0x65, 0x78, 0x74, 0x75, 
    0x72, 0x65, 0x49, 0x64, 0x7D, 0x20, 0x73, 0x75, 0x63, 0x63, 0x65, 0x73, 0x73, 0x66, 0x75, 0x6C, 
    0x6C, 0x79, 0x20, 0x72, 0x65, 0x6D, 0x6F, 0x76, 0x65, 0x64, 0x60, 0x29, 0x3B, 0x0D, 0x0A, 0x20, 
    0x20, 0x20, 0x20, 0x20, 0x20, 0x20, 0x20, 0x20, 0x20, 0x20, 0x20, 0x20, 0x20, 0x20, 0x20, 0x7D, 
    0x0D, 0x0A, 0x20, 0x20, 0x20, 0x20, 0x20, 0x20, 0x20, 0x20, 0x20, 0x20, 0x20, 0x20, 0x7D, 0x0D, 
    0x0A, 0x20, 0x20, 0x20, 0x20, 0x20, 0x20, 0x20, 0x20, 0x7D, 0x3B, 0x0D, 0x0A, 0x09, 0x09, 0x0D, 
    0x0A, 0x09, 0x09, 0x2F, 0x2F, 0x20, 0x46, 0x6F, 0x70, 0x65, 0x6E, 0x20, 0x64, 0x69, 0x61, 0x6C, 
    0x6F, 0x67, 0x20, 0x68, 0x61, 0x6E, 0x64, 0x6C, 0x65, 0x72, 0x73, 0x0D, 0x0A, 0x20, 0x20, 0x20, 
    0x20, 0x20, 0x20, 0x20, 0x20, 0x66, 0x69, 0x6C, 0x65, 0x53, 0x65, 0x6C, 0x65, 0x63, 0x74, 0x6F, 
    0x72, 0x2E, 0x61, 0x64, 0x64, 0x45, 0x76, 0x65, 0x6E, 0x74, 0x4C, 0x69, 0x73, 0x74, 0x65, 0x6E, 
    0x65, 0x72, 0x28, 0x22, 0x63, 0x68, 0x61, 0x6E, 0x67, 0x65, 0x22, 0x2C, 0x20, 0x28, 0x65, 0x76, 
    0x65, 0x6E, 0x74, 0x29, 0x20, 0x3D, 0x3E, 0x20, 0x7B, 0x0D, 0x0A, 0x20, 0x20, 0x20, 0x20, 0x20, 
    0x20, 0x20, 0x20, 0x20, 0x20, 0x20, 0x20, 0x63, 0x6F, 0x6E, 0x73, 0x74, 0x20, 0x66, 0x69, 0x6C, 
    0x65, 0x20, 0x3D, 0x20, 0x65, 0x76, 0x65, 0x6E, 0x74, 0x2E, 0x74, 0x61, 0x72, 0x67, 0x65, 0x74, 
    0x2E, 0x66, 0x69, 0x6C, 0x65, 0x73, 0x5B, 0x30, 0x5D, 0x3B, 0x0D, 0x0A, 0x20, 0x20, 0x20, 0x20, 
    0x20, 0x20, 0x20, 0x20, 0x20, 0x20, 0x20, 0x20, 0x69, 0x66, 0x20, 0x28, 0x21, 0x66, 0x69, 0x6C, 
    0x65, 0x20, 0x7C, 0x7C, 0x20, 0x73, 0x6F, 0x63, 0x6B, 0x65, 0x74, 0x2E, 0x72, 0x65, 0x61, 0x64, 
    0x79, 0x53, 0x74, 0x61, 0x74, 0x65, 0x20, 0x21, 0x3D, 0x3D, 0x20, 0x57, 0x65, 0x62, 0x53, 0x6F, 
    0x63, 0x6B, 0x65, 0x74, 0x2E, 0x4F, 0x50, 0x45, 0x4E, 0x29, 0x20, 0x72, 0x65, 0x74, 0x75, 0x72, 
    0x6E, 0x3B, 0x0D, 0x0A, 0x0D, 0x0A, 0x20, 0x20, 0x20, 0x20, 0x20, 0x20, 0x20, 0x20, 0x20, 0x20, 
    0x20, 0x20, 0x63, 0x6F, 0x6E, 0x73, 0x74, 0x20, 0x72, 0x65, 0x61, 0x64, 0x65, 0x72, 0x20, 0x3D, 
    0x20, 0x6E, 0x65, 0x77, 0x20, 0x46, 0x69, 0x6C, 0x65, 0x52, 0x65, 0x61, 0x64, 0x65, 0x72, 0x28, 
    0x29, 0x3B, 0x0D, 0x0A, 0x20, 0x20, 0x20, 0x20, 0x20, 0x20, 0x20, 0x20, 0x20, 0x20, 0x20, 0x20, 
    0x72, 0x65, 0x61, 0x64, 0x65, 0x72, 0x2E, 0x6F, 0x6E, 0x6C, 0x6F, 0x61, 0x64, 0x20, 0x3D, 0x20, 
    0x66, 0x75, 0x6E, 0x63, 0x74, 0x69, 0x6F, 0x6E, 0x28, 0x65, 0x29, 0x20, 0x7B, 0x0D, 0x0A, 0x20, 
    0x20, 0x20, 0x20, 0x20, 0x20, 0x20, 0x20, 0x20, 0x20, 0x20, 0x20, 0x20, 0x20, 0x20, 0x20, 0x63, 
    0x6F, 0x6E, 0x73, 0x74, 0x20, 0x66, 0x69, 0x6C, 0x65, 0x42, 0x75, 0x66, 0x66, 0x65, 0x72, 0x20, 
    0x3D, 0x20, 0x65, 0x2E, 0x74, 0x61, 0x72, 0x67, 0x65, 0x74, 0x2E, 0x72, 0x65, 0x73, 0x75, 0x6C, 
    0x74, 0x3B, 0x0D, 0x0A, 0x20, 0x20, 0x20, 0x20, 0x20, 0x20, 0x20, 0x20, 0x20, 0x20, 0x20, 0x20, 
    0x20, 0x20, 0x20, 0x20, 0x63, 0x6F, 0x6E, 0x73, 0x74, 0x20, 0x6E, 0x61, 0x6D, 0x65, 0x45, 0x6E, 
    0x63, 0x6F, 0x64, 0x65, 0x72, 0x20, 0x3D, 0x20, 0x6E, 0x65, 0x77, 0x20, 0x54, 0x65, 0x78, 0x74, 
    0x45, 0x6E, 0x63, 0x6F, 0x64, 0x65, 0x72, 0x28, 0x29, 0x3B, 0x0D, 0x0A, 0x20, 0x20, 0x20, 0x20, 
    0x20, 0x20, 0x20, 0x20, 0x20, 0x20, 0x20, 0x20, 0x20, 0x20, 0x20, 0x20, 0x63, 0x6F, 0x6E, 0x73, 
    0x74, 0x20, 0x6E, 0x61, 0x6D, 0x65, 0x42, 0x79, 0x74, 0x65, 0x73, 0x20, 0x3D, 0x20, 0x6E, 0x61, 
    0x6D, 0x65, 0x45, 0x6E, 0x63, 0x6F, 0x64, 0x65, 0x72, 0x2E, 0x65, 0x6E, 0x63, 0x6F, 0x64, 0x65, 
    0x28, 0x66, 0x69, 0x6C, 0x65, 0x2E, 0x6E, 0x61, 0x6D, 0x65, 0x29, 0x3B, 0x0D, 0x0A, 0x20, 0x20, 
    0x20, 0x20, 0x20, 0x20, 0x20, 0x20, 0x20, 0x20, 0x20, 0x20, 0x20, 0x20, 0x20, 0x20, 0x0D, 0x0A, 
    0x20, 0x20, 0x20, 0x20, 0x20, 0x20, 0x20, 0x20, 0x20, 0x20, 0x20, 0x20, 0x20, 0x20, 0x20, 0x20, 
    0x2F, 0x2F, 0x20, 0x70, 0x61, 0x63, 0x6B, 0x65, 0x74, 0x20, 0x74, 0x79, 0x70, 0x65, 0x20, 0x35, 
    0x20, 0x68, 0x65, 0x61, 0x64, 0x65, 0x72, 0x3A, 0x20, 0x5B, 0x54, 0x79, 0x70, 0x65, 0x3A, 0x20, 
    0x35, 0x20, 0x28, 0x34, 0x20, 0x62, 0x79, 0x74, 0x65, 0x73, 0x29, 0x5D, 0x20, 0x5B, 0x4E, 0x61, 
    0x6D, 0x65, 0x20, 0x6C, 0x65, 0x6E, 0x67, 0x74, 0x68, 0x20, 0x28, 0x34, 0x20, 0x62, 0x79, 0x74, 
    0x65, 0x73, 0x29, 0x5D, 0x0D, 0x0A, 0x20, 0x20, 0x20, 0x20, 0x20, 0x20, 0x20, 0x20, 0x20, 0x20, 
    0x20, 0x20, 0x20, 0x20, 0x20, 0x20, 0x63, 0x6F, 0x6E, 0x73, 0x74, 0x20, 0x68, 0x65, 0x61, 0x64, 
    0x65, 0x72, 0x20, 0x3D, 0x20, 0x6E, 0x65, 0x77, 0x20, 0x41, 0x72, 0x72, 0x61, 0x79, 0x42, 0x75, 
    0x66, 0x66, 0x65, 0x72, 0x28, 0x38, 0x29, 0x3B, 0x0D, 0x0A, 0x20, 0x20, 0x20, 0x20, 0x20, 0x20, 
    0x20, 0x20, 0x20, 0x20, 0x20, 0x20, 0x20, 0x20, 0x20, 0x20, 0x63, 0x6F, 0x6E, 0x73, 0x74, 0x20, 
    0x68, 0x65, 0x61, 0x64, 0x65, 0x72, 0x56, 0x69, 0x65, 0x77, 0x20, 0x3D, 0x20, 0x6E, 0x65, 0x77, 
    0x20, 0x44, 0x61, 0x74, 0x61, 0x56, 0x69, 0x65, 0x77, 0x28, 0x68, 0x65, 0x61, 0x64, 0x65, 0x72, 
    0x29, 0x3B, 0x0D, 0x0A, 0x20, 0x20, 0x20, 0x20, 0x20, 0x20, 0x20, 0x20, 0x20, 0x20, 0x20, 0x20, 
    0x20, 0x20, 0x20, 0x20, 0x68, 0x65, 0x61, 0x64, 0x65, 0x72, 0x56, 0x69, 0x65, 0x77, 0x2E, 0x73, 
    0x65, 0x74, 0x55, 0x69, 0x6E, 0x74, 0x33, 0x32, 0x28, 0x30, 0x2C, 0x20, 0x35, 0x2C, 0x20, 0x74, 
    0x72, 0x75, 0x65, 0x29, 0x3B, 0x20, 0x0D, 0x0A, 0x20, 0x20, 0x20, 0x20, 0x20, 0x20, 0x20, 0x20, 
    0x20, 0x20, 0x20, 0x20, 0x20, 0x20, 0x20, 0x20, 0x68, 0x65, 0x61, 0x64, 0x65, 0x72, 0x56, 0x69, 
    0x65, 0x77, 0x2E, 0x73, 0x65, 0x74, 0x55, 0x69, 0x6E, 0x74, 0x33, 0x32, 0x28, 0x34, 0x2C, 0x20, 
    0x6E, 0x61, 0x6D, 0x65, 0x42, 0x79, 0x74, 0x65, 0x73, 0x2E, 0x6C, 0x65, 0x6E, 0x67, 0x74, 0x68, 
    0x2C, 0x20, 0x74, 0x72, 0x75, 0x65, 0x29, 0x3B, 0x20, 0x0D, 0x0A, 0x0D, 0x0A, 0x20, 0x20, 0x20, 
    0x20, 0x20, 0x20, 0x20, 0x20, 0x20, 0x20, 0x20, 0x20, 0x20, 0x20, 0x20, 0x20, 0x63, 0x6F, 0x6E, 
    0x73, 0x74, 0x20, 0x63, 0x6F, 0x6D, 0x62, 0x69, 0x6E, 0x65, 0x64, 0x50, 0x61, 0x63, 0x6B, 0x65, 
    0x74, 0x20, 0x3D, 0x20, 0x6E, 0x65, 0x77, 0x20, 0x55, 0x69, 0x6E, 0x74, 0x38, 0x41, 0x72, 0x72, 
    0x61, 0x79, 0x28, 0x38, 0x20, 0x2B, 0x20, 0x6E, 0x61, 0x6D, 0x65, 0x42, 0x79, 0x74, 0x65, 0x73, 
    0x2E, 0x6C, 0x65, 0x6E, 0x67, 0x74, 0x68, 0x20, 0x2B, 0x20, 0x66, 0x69, 0x6C, 0x65, 0x42, 0x75, 
    0x66, 0x66, 0x65, 0x72, 0x2E, 0x62, 0x79, 0x74, 0x65, 0x4C, 0x65, 0x6E, 0x67, 0x74, 0x68, 0x29, 
    0x3B, 0x0D, 0x0A, 0x20, 0x20, 0x20, 0x20, 0x20, 0x20, 0x20, 0x20, 0x20, 0x20, 0x20, 0x20, 0x20, 
    0x20, 0x20, 0x20, 0x63, 0x6F, 0x6D, 0x62, 0x69, 0x6E, 0x65, 0x64, 0x50, 0x61, 0x63, 0x6B, 0x65, 
    0x74, 0x2E, 0x73, 0x65, 0x74, 0x28, 0x6E, 0x65, 0x77, 0x20, 0x55, 0x69, 0x6E, 0x74, 0x38, 0x41, 
    0x72, 0x72, 0x61, 0x79, 0x28, 0x68, 0x65, 0x61, 0x64, 0x65, 0x72, 0x29, 0x2C, 0x20, 0x30, 0x29, 
    0x3B, 0x0D, 0x0A, 0x20, 0x20, 0x20, 0x20, 0x20, 0x20, 0x20, 0x20, 0x20, 0x20, 0x20, 0x20, 0x20, 
    0x20, 0x20, 0x20, 0x63, 0x6F, 0x6D, 0x62, 0x69, 0x6E, 0x65, 0x64, 0x50, 0x61, 0x63, 0x6B, 0x65, 
    0x74, 0x2E, 0x73, 0x65, 0x74, 0x28, 0x6E, 0x61, 0x6D, 0x65, 0x42, 0x79, 0x74, 0x65, 0x73, 0x2C, 
    0x20, 0x38, 0x29, 0x3B, 0x0D, 0x0A, 0x20, 0x20, 0x20, 0x20, 0x20, 0x20, 0x20, 0x20, 0x20, 0x20, 
    0x20, 0x20, 0x20, 0x20, 0x20, 0x20, 0x63, 0x6F, 0x6D, 0x62, 0x69, 0x6E, 0x65, 0x64, 0x50, 0x61, 
    0x63, 0x6B, 0x65, 0x74, 0x2E, 0x73, 0x65, 0x74, 0x28, 0x6E, 0x65, 0x77, 0x20, 0x55, 0x69, 0x6E, 
    0x74, 0x38, 0x41, 0x72, 0x72, 0x61, 0x79, 0x28, 0x66, 0x69, 0x6C, 0x65, 0x42, 0x75, 0x66, 0x66, 
    0x65, 0x72, 0x29, 0x2C, 0x20, 0x38, 0x20, 0x2B, 0x20, 0x6E, 0x61, 0x6D, 0x65, 0x42, 0x79, 0x74, 
    0x65, 0x73, 0x2E, 0x6C, 0x65, 0x6E, 0x67, 0x74, 0x68, 0x29, 0x3B, 0x0D, 0x0A, 0x0D, 0x0A, 0x20, 
    0x20, 0x20, 0x20, 0x20, 0x20, 0x20, 0x20, 0x20, 0x20, 0x20, 0x20, 0x20, 0x20, 0x20, 0x20, 0x73, 
    0x6F, 0x63, 0x6B, 0x65, 0x74, 0x2E, 0x73, 0x65, 0x6E, 0x64, 0x28, 0x63, 0x6F, 0x6D, 0x62, 0x69, 
    0x6E, 0x65, 0x64, 0x50, 0x61, 0x63, 0x6B, 0x65, 0x74, 0x29, 0x3B, 0x0D, 0x0A, 0x20, 0x20, 0x20, 
    0x20, 0x20, 0x20, 0x20, 0x20, 0x20, 0x20, 0x20, 0x20, 0x20, 0x20, 0x20, 0x20, 0x63, 0x6F, 0x6E, 
    0x73, 0x6F, 0x6C, 0x65, 0x2E, 0x6C, 0x6F, 0x67, 0x28, 0x60, 0x5B, 0x43, 0x6C, 0x69, 0x65, 0x6E, 
    0x74, 0x5D, 0x20, 0x55, 0x70, 0x6C, 0x6F, 0x61, 0x64, 0x69, 0x6E, 0x67, 0x3A, 0x20, 0x24, 0x7B, 
    0x66, 0x69, 0x6C, 0x65, 0x2E, 0x6E, 0x61, 0x6D, 0x65, 0x7D, 0x60, 0x29, 0x3B, 0x0D, 0x0A, 0x20, 
    0x20, 0x20, 0x20, 0x20, 0x20, 0x20, 0x20, 0x20, 0x20, 0x20, 0x20, 0x20, 0x20, 0x20, 0x20, 0x0D, 
    0x0A, 0x20, 0x20, 0x20, 0x20, 0x20, 0x20, 0x20, 0x20, 0x20, 0x20, 0x20, 0x20, 0x20, 0x20, 0x20, 
    0x20, 0x2F, 0x2F, 0x20, 0x72, 0x65, 0x73, 0x65, 0x74, 0x20, 0x69, 0x6E, 0x70, 0x75, 0x74, 0x20, 
    0x76, 0x61, 0x6C, 0x75, 0x65, 0x0D, 0x0A, 0x20, 0x20, 0x20, 0x20, 0x20, 0x20, 0x20, 0x20, 0x20, 
    0x20, 0x20, 0x20, 0x20, 0x20, 0x20, 0x20, 0x66, 0x69, 0x6C, 0x65, 0x53, 0x65, 0x6C, 0x65, 0x63, 
    0x74, 0x6F, 0x72, 0x2E, 0x76, 0x61, 0x6C, 0x75, 0x65, 0x20, 0x3D, 0x20, 0x22, 0x22, 0x3B, 0x20, 
    0x0D, 0x0A, 0x20, 0x20, 0x20, 0x20, 0x20, 0x20, 0x20, 0x20, 0x20, 0x20, 0x20, 0x20, 0x7D, 0x3B, 
    0x0D, 0x0A, 0x20, 0x20, 0x20, 0x20, 0x20, 0x20, 0x20, 0x20, 0x20, 0x20, 0x20, 0x20, 0x72, 0x65, 
    0x61, 0x64, 0x65, 0x72, 0x2E, 0x72, 0x65, 0x61, 0x64, 0x41, 0x73, 0x41, 0x72, 0x72, 0x61, 0x79, 
    0x42, 0x75, 0x66, 0x66, 0x65, 0x72, 0x28, 0x66, 0x69, 0x6C, 0x65, 0x29, 0x3B, 0x0D, 0x0A, 0x20, 
    0x20, 0x20, 0x20, 0x20, 0x20, 0x20, 0x20, 0x7D, 0x29, 0x3B, 0x0D, 0x0A, 0x20, 0x20, 0x20, 0x20, 
    0x3C, 0x2F, 0x73, 0x63, 0x72, 0x69, 0x70, 0x74, 0x3E, 0x0D, 0x0A, 0x3C, 0x2F, 0x62, 0x6F, 0x64, 
    0x79, 0x3E, 0x0D, 0x0A, 0x3C, 0x2F, 0x68, 0x74, 0x6D, 0x6C, 0x3E, 0x0D, 0x0A, 0x00,
} ;
